mmsi,loiter_event_count,sample_lat,sample_lon
211886030,8,53.624468,7.156195
211272260,23,53.624468,7.156195
218055770,17,53.624352,7.15708
211138050,8,53.623066,7.155994
211237980,12,53.622765,7.154669
211272270,26,53.624207,7.156192
218515000,16,53.622403,7.154892
211219330,11,53.622675,7.154643
211374390,11,53.623006,7.154756
219026000,20,55.096807,14.691759
219173000,21,55.096807,14.691759
219001058,25,55.099094,14.691363
219000896,19,55.09911,14.691813
219000558,17,55.097419,14.687862
305440000,23,55.099136,14.691543
219017081,33,55.098515,14.691654
258184000,28,55.097148,14.691788
311513000,5,55.096247,14.689705
231873000,8,55.098636,14.688707
305286000,9,55.098109,14.688584
220431000,10,55.09888,14.691911
219032932,80,57.718086,10.595862
219031289,36,57.718086,10.595862
219022257,56,57.719932,10.593065
219029579,13,57.719299,10.595229
219019067,59,57.719708,10.5934
219001111,55,57.719465,10.593187
219034389,56,57.720457,10.59453
219001849,47,57.719138,10.59363
219017733,51,57.719944,10.594172
219031797,68,57.720095,10.594658
219025535,73,57.719775,10.592284
259223000,71,57.719011,10.592727
219026706,58,57.719932,10.593001
219014435,40,57.72019,10.594599
219026170,18,57.719188,10.596888
219030383,24,57.719156,10.596808
219030593,40,57.719231,10.595129
219002827,50,57.716677,10.586533
219005867,41,57.715596,10.584225
250004765,33,57.716276,10.583855
219024000,39,57.716704,10.58611
219002973,58,57.716809,10.585857
219024767,44,57.71574,10.586716
265328000,36,57.716858,10.586117
219801000,29,57.715698,10.58528
311000608,7,57.714629,10.587236
219034482,45,57.715511,10.584584
220333000,45,57.716749,10.586379
219005956,47,57.715812,10.585556
244710047,39,57.715658,10.584019
265043000,22,57.719121,10.596108
219023738,10,57.720157,10.593532
219023313,15,57.720067,10.593247
212949000,1,55.623843,12.996908
620800145,11,55.623843,12.996908
636017416,2,57.682127,10.674349
265012140,4,57.68165,10.67425
244116000,8,57.714821,10.587242
219010873,65,57.714821,10.587242
219007034,46,57.714624,10.586941
219022300,93,57.714695,10.587005
219020578,55,57.714263,10.586853
219015153,30,57.716473,10.586042
219355000,12,57.716061,10.589426
247389200,12,57.715564,10.588465
265040060,22,57.717903,10.587823
220329000,12,57.716672,10.586513
269109480,25,57.717835,10.587115
219007027,31,57.716666,10.586538
220343000,31,57.717591,10.586474
265036400,14,57.68573,11.888898
265044200,15,57.68573,11.888898
231859000,12,57.685544,11.886867
231809000,5,57.685519,11.887155
231846000,11,57.685549,11.886551
265721780,17,57.685829,11.886209
230179120,10,57.706904,11.662357
265553750,4,57.707024,11.663162
265318000,12,57.707252,11.66192
265513810,6,57.709066,11.661068
231848000,9,57.707719,11.664715
246058000,4,54.483457,13.594936
219012162,2,54.483457,13.594936
257356000,6,54.481928,13.595469
219026489,10,54.484362,13.590698
244645000,5,54.478906,13.626752
211205970,9,53.525118,8.575689
211378190,29,53.525118,8.575689
245895000,45,53.52417,8.576146
244875000,41,53.523748,8.57639
211282860,22,53.523561,8.574299
246253000,42,53.523801,8.576459
246337000,40,53.523555,8.576584
245115000,21,53.524311,8.576082
211205920,30,53.524454,8.575982
211812980,22,53.523852,8.574331
266384000,10,57.682733,11.649691
265660130,4,57.682733,11.649691
265048100,12,57.681975,11.649116
266254000,6,57.682644,11.649373
266095000,8,57.682235,11.648786
266128000,8,57.682283,11.648808
266064000,6,57.682597,11.649226
219022265,9,55.468732,10.531545
255806433,6,55.468732,10.531545
220476000,19,55.468663,10.530817
219024597,5,55.468882,10.531082
212654000,5,55.467931,10.530289
219000179,18,55.559458,9.756412
211389490,13,55.559511,9.756252
219026257,19,55.559602,9.754826
220272000,16,55.5592,9.755804
265511440,31,56.658268,12.854473
257076850,6,56.658268,12.854473
265608060,16,56.661154,12.85502
231801000,15,56.661021,12.854902
265582600,16,56.659694,12.852866
255915581,8,56.65858,12.854959
249596000,4,55.689611,12.59973
219031896,6,55.689611,12.59973
319182500,9,55.688085,12.599117
219517000,4,55.6899,12.601685
265501910,2,57.700491,11.930731
248219000,2,55.088959,14.691607
255806189,5,55.088959,14.691607
253477000,1,54.964455,19.978711
244710825,25,57.121799,8.599836
219008544,13,57.121799,8.599836
219030200,24,57.121935,8.600739
258025150,16,57.122456,8.599142
219029904,29,57.123407,8.60099
219028021,14,57.121709,8.599999
219007404,36,57.12296,8.600717
253830000,21,57.124026,8.601158
219005671,41,57.121865,8.600822
219004002,38,57.122117,8.600551
257654500,29,57.122514,8.599058
219018486,61,57.12204,8.601357
219005929,39,57.122317,8.600334
219014162,30,57.122766,8.600924
219007401,52,57.123022,8.599609
219013976,24,57.122889,8.599695
219000827,32,57.122187,8.601232
219005513,25,57.122548,8.601157
219013538,12,57.122017,8.59962
219034290,10,57.594126,9.960921
219031645,97,57.594126,9.960921
219021176,51,57.593462,9.962202
219787000,124,57.593554,9.961478
219032649,44,57.593057,9.963684
219002774,60,57.59392,9.961275
219026081,54,57.593363,9.96155
219011136,22,57.593896,9.961022
219027771,11,57.593738,9.963059
219009907,68,57.593514,9.962099
219019010,137,57.593929,9.961375
249758000,1,58.010303,11.702292
247305000,4,58.010303,11.702292
219012509,3,56.194561,10.668443
219011321,4,56.194561,10.668443
219029216,15,56.193427,10.668426
265511420,8,57.681891,11.871008
265663280,11,57.681891,11.871008
265585590,9,57.681998,11.871741
265812010,4,57.681928,11.871015
265504760,6,57.682332,11.870743
265603560,2,57.681787,11.871207
219001214,5,56.04173,12.613162
219005904,5,56.04173,12.613162
538007874,3,55.477813,5.107636
219419000,11,55.477813,5.107636
636015378,4,55.47805,5.109174
211216490,12,54.146438,12.1121
211269660,13,54.146438,12.1121
211749880,16,54.146292,12.112928
211833370,14,54.147619,12.111435
211216500,16,54.146327,12.113131
211266470,12,54.146354,12.113326
220228000,64,55.472521,8.423935
219024783,116,55.472521,8.423935
219018044,70,55.474187,8.424056
219019853,66,55.473853,8.421925
219491000,70,55.47393,8.424384
246753000,53,55.472855,8.425084
244834000,54,55.472831,8.425007
219019804,57,55.473356,8.423913
219010252,67,55.472956,8.425221
219027298,60,55.473672,8.422112
219000771,57,55.472495,8.423878
220242000,127,55.473424,8.424029
219019936,63,55.474261,8.423979
219001959,57,55.472496,8.4237
219003561,57,55.473318,8.423693
275556000,51,55.473332,8.422462
235112846,56,55.472753,8.424863
219001695,58,55.472577,8.424309
219003826,70,55.474559,8.42352
219001265,40,55.473525,8.424304
219031157,32,55.474091,8.421951
258514000,18,55.471902,8.425793
219001189,46,55.473363,8.423842
219014161,42,55.473379,8.424799
219023786,24,55.473064,8.422711
218162000,24,57.441114,10.549662
219001239,42,57.441114,10.549662
219014875,38,57.442136,10.548049
219001236,27,57.441087,10.549744
219005787,29,57.441128,10.54962
257477000,11,57.442174,10.549412
235007573,20,57.441473,10.550821
219005453,31,57.441384,10.549423
219000942,28,57.442679,10.548516
219002732,49,57.441173,10.549616
219028337,38,57.44198,10.548529
219004896,21,55.060845,10.618019
211382680,9,55.060845,10.618019
219007366,21,55.059292,10.619647
219000892,18,55.06049,10.61934
219002392,17,55.059118,10.620604
220356000,19,55.059714,10.618468
219021596,16,55.059218,10.619511
211798970,9,55.059061,10.618238
219001284,13,55.05919,10.618168
211336340,11,55.058898,10.617729
211338730,8,55.06067,10.617497
211346180,8,55.060389,10.619608
304354000,10,53.654266,9.509839
246180000,13,53.654266,9.509839
211279690,24,53.653391,9.51012
211468980,22,53.653219,9.510331
211667760,21,53.652392,9.509678
235112981,11,53.652487,9.510749
211334410,33,53.653199,9.510106
372198000,19,53.654162,9.510359
211290750,26,53.653399,9.5102
255805753,14,53.652466,9.511088
245246000,5,55.041209,9.425313
219000178,12,55.041209,9.425313
219208000,10,55.041123,9.425814
219000647,13,55.04132,9.425376
246399000,2,53.848547,8.747658
538005986,2,53.847783,8.751009
246262000,3,53.785241,9.41038
245782000,32,53.785241,9.41038
211186950,4,53.785248,9.411552
211255310,15,53.784896,9.411678
265514800,17,55.614399,12.998871
255805980,5,55.614399,12.998871
265610950,17,55.613717,12.997288
255739000,8,55.615233,12.998256
265524530,10,55.613226,12.997014
219015425,11,55.613746,12.999515
219027899,15,55.613667,12.999841
231807000,11,57.686571,11.892843
265606380,6,57.689207,11.893165
265708710,6,57.687191,11.895108
265550210,10,57.689193,11.892195
265028000,3,57.596609,11.787508
256717000,6,57.688885,11.892064
219021266,15,55.964966,11.845025
219017815,17,55.964966,11.845025
220295000,7,55.963652,11.846116
220317000,13,55.96369,11.846699
220352000,17,55.9637,11.845757
257306000,8,55.962219,11.844693
220205000,12,55.963631,11.84631
219008474,15,55.963614,11.846719
219025740,18,55.963594,11.846593
219016689,15,55.963672,11.845902
244790091,16,53.562574,6.74998
219020687,17,53.562574,6.74998
211470030,15,53.562512,6.750398
211536840,18,53.5629,6.749231
255915767,16,53.56213,6.748803
235092103,16,53.562455,6.75056
232053942,19,53.562775,6.749871
232027488,16,53.562832,6.750483
211235220,19,53.561785,6.748813
211181900,17,53.562618,6.749194
211671890,16,53.561747,6.7484
211666720,16,53.562081,6.748549
211269690,15,53.56264,6.749841
236752000,16,53.56275,6.750607
211284610,17,53.562083,6.748758
246683000,16,53.562561,6.749342
211214270,16,53.561737,6.748661
235001620,66,56.0004,8.123577
219018636,50,56.0004,8.123577
219000752,48,56.000373,8.125403
219862000,58,56.001642,8.123735
220181000,52,56.001839,8.124215
219000186,51,56.000588,8.12479
219034345,60,56.001538,8.122902
220225000,74,56.002041,8.122421
220000051,19,56.000482,8.123869
219001266,17,56.000336,8.125949
219015362,37,56.001984,8.123557
219021428,41,56.001669,8.124267
219017784,50,56.000346,8.12356
219001518,74,56.001987,8.124073
261003012,21,56.000134,8.124105
219765000,57,56.000677,8.123947
219013178,38,56.00197,8.123228
261004881,32,56.000181,8.123612
219023664,40,56.004006,8.120966
219011225,42,56.004178,8.121899
219019287,27,56.003808,8.121122
259264000,35,56.00438,8.121417
219001039,42,56.004273,8.122302
219015338,26,56.004044,8.120925
219002786,24,56.000302,8.126421
257029840,18,56.000736,8.125648
265696090,27,57.058923,12.273642
266394000,26,57.058923,12.273642
266319000,29,57.058875,12.273663
266365000,37,57.059016,12.274221
265011490,16,57.059013,12.274389
266452000,24,57.059012,12.273775
265031100,24,57.058817,12.274379
265703000,24,57.058713,12.272503
266166000,24,57.058759,12.272781
265502370,23,57.058841,12.274036
266160000,24,57.058849,12.273872
266163000,22,57.059015,12.273619
265044960,22,57.059013,12.273909
257141000,2,55.697886,12.633368
219003121,3,55.697886,12.633368
219000552,2,57.053266,9.957844
219005454,8,56.367588,8.12097
244830667,11,56.367588,8.12097
219029700,6,56.37019,8.12264
246171000,7,56.367672,8.120966
219004266,10,56.367864,8.121205
219032673,13,56.368262,8.121159
263141000,1,53.541871,8.567659
261148000,11,53.541871,8.567659
354202000,1,53.578269,8.535491
314292000,1,53.578269,8.535491
265644320,3,57.720958,11.980572
265068090,3,57.720958,11.980572
211546740,4,54.371182,10.156159
211533730,10,54.371182,10.156159
211570140,5,54.372062,10.157463
218030480,5,54.372608,10.158474
211772470,7,54.372055,10.156199
265755000,11,55.555951,14.358685
265519640,9,55.555951,14.358685
265585610,7,55.556027,14.358643
266052000,15,55.556548,14.358095
265754000,12,55.556536,14.358598
211584340,15,55.558362,14.356537
266334000,3,55.616751,13.000099
265509310,6,56.163753,14.862175
245808000,49,56.411526,10.923575
219001771,56,56.411526,10.923575
219301000,8,56.414291,10.923435
219006598,51,56.410815,10.922411
219024784,105,56.411089,10.924002
220436000,22,56.412114,10.923956
245404000,26,56.413387,10.92277
219904000,24,56.411367,10.923825
219009101,37,56.413297,10.922987
257755600,55,56.412756,10.922792
219016873,54,56.411508,10.923326
219002769,54,56.411138,10.924225
219012639,50,56.410987,10.922431
245809000,44,56.413125,10.923337
219002661,28,56.410893,10.92333
220012000,62,56.410985,10.923309
219007363,27,56.413239,10.922811
218044170,21,56.410874,10.923345
219002666,96,56.411362,10.923703
219029706,61,56.410976,10.924048
219016759,90,56.411055,10.924131
220068000,24,56.412065,10.923552
219007781,28,56.410779,10.923371
211225340,53,54.126811,8.861885
246065000,16,54.126811,8.861885
218342000,53,54.126786,8.861932
211303520,58,54.127396,8.860885
211773410,45,54.126991,8.862165
211158000,71,54.127433,8.861542
211395930,43,54.126841,8.85981
211225350,51,54.127224,8.860532
211208390,56,54.126385,8.859936
211807040,17,54.127568,8.861873
211510290,46,54.127354,8.861362
211718360,36,54.12631,8.861484
211310410,38,54.127042,8.860709
211342220,43,54.127831,8.86245
211815000,40,54.125315,8.861142
211512630,46,54.125102,8.859158
211314600,29,54.127482,8.861698
211287590,29,54.12701,8.860608
211599000,29,54.125315,8.86063
211585990,46,54.12619,8.860456
211202970,29,54.126265,8.859652
211861000,19,54.125359,8.860802
211625000,19,54.127274,8.861199
211634540,53,54.126895,8.860333
211533560,4,54.513044,13.163759
211532870,3,54.513044,13.163759
211755690,6,54.570073,13.109822
211317180,5,57.1175,12.235596
232054955,3,57.1175,12.235596
314634000,3,57.116109,12.236814
255805899,2,57.690885,11.846042
220223000,3,57.691485,11.844411
244784000,3,57.692803,11.84563
211255070,8,53.339754,7.188024
211215520,11,53.339754,7.188024
211214960,10,53.341634,7.185773
218051850,9,53.341086,7.186368
211215550,11,53.341156,7.186459
620999630,9,53.341227,7.185279
211215560,9,53.341151,7.186517
211644150,1,53.33869,7.18518
211286480,8,53.341338,7.187005
265523240,10,56.891847,12.487987
258104000,10,56.891847,12.487987
230150050,6,56.893329,12.490099
210189000,10,56.8921,12.488336
265714480,18,56.892014,12.489402
265519650,10,56.892512,12.488792
265513270,18,56.891941,12.489104
219000622,12,55.332332,11.138357
219035305,11,55.332332,11.138357
219024886,11,55.332429,11.138241
219024676,15,55.333297,11.13608
211282410,20,54.758316,8.294411
211115000,29,54.758316,8.294411
211129960,21,54.759318,8.294809
211364330,21,54.758727,8.294663
211789900,26,54.75816,8.294283
211413470,20,54.758183,8.294927
211363300,22,54.758698,8.294738
211291170,8,54.758071,8.294583
211101000,9,54.758701,8.294745
245987000,21,53.444805,6.825145
235113724,7,53.444805,6.825145
235108495,16,53.444789,6.825315
211370530,23,53.445025,6.82402
244730209,21,53.444936,6.82386
244407000,19,53.444989,6.822623
244485000,7,53.445027,6.823757
244615588,15,53.444902,6.82417
244013482,15,53.444868,6.824269
244704000,5,53.444681,6.826119
244516000,16,53.444795,6.824781
246364000,11,53.444966,6.822919
235108492,12,53.44466,6.8261
244650648,23,53.444822,6.825045
244030670,12,53.44506,6.822296
246759000,21,53.445006,6.824255
244650102,11,53.44497,6.822402
246758000,22,53.444975,6.824008
235006480,20,53.444731,6.825529
211237730,5,55.425765,13.819387
265610940,9,55.425765,13.819387
265703830,9,55.425909,13.820032
209911000,9,55.425353,13.823897
265768850,7,55.425787,13.819496
265547110,7,55.425805,13.819608
265507230,5,56.166351,14.86337
636022951,4,56.165444,14.86166
219159000,16,57.43886,10.548008
257883000,6,57.437144,10.551167
219024194,7,57.437701,10.548835
231336000,7,55.042224,9.42425
219021244,16,55.042231,9.42351
209536000,6,55.043622,9.425126
341810000,6,55.041133,9.425274
219500000,10,54.942809,10.257276
258006930,9,54.942809,10.257276
211391280,6,54.942953,10.260006
219000181,10,54.942383,10.258114
305003300,7,54.943032,10.257081
219023531,15,54.942068,10.258738
219000733,15,54.942152,10.258973
244670860,1,53.349316,7.206741
257970000,1,53.349316,7.206741
211141000,3,53.589348,8.524311
219077000,1,53.589348,8.524311
219115000,8,53.589027,8.525178
219019094,4,53.591803,8.521877
219000128,19,54.891803,12.045277
219025774,5,54.891803,12.045277
219000417,13,54.89201,12.043726
219007835,3,54.892065,12.044193
219007678,16,55.331266,11.126416
219000125,14,55.330968,11.126676
219000126,14,55.330962,11.126722
219011074,17,55.33175,11.127
220432000,11,55.331303,11.128229
219000474,16,55.331104,11.126544
219000127,16,55.332094,11.125965
220435000,15,55.331136,11.127576
244860538,16,53.859947,8.714791
211221440,21,53.859947,8.714791
245562000,17,53.860748,8.713263
261184980,15,53.859103,8.716323
211319670,16,53.860648,8.713483
211246110,34,53.861537,8.712851
245262000,16,53.860907,8.713055
245100000,7,53.859105,8.715704
211314800,21,53.86123,8.713411
211440680,26,53.861802,8.714484
211784720,35,53.86191,8.714296
244634000,19,53.861189,8.71242
211749060,29,53.859756,8.715158
246189000,13,53.86121,8.712439
244740925,15,53.859656,8.715326
244157000,16,53.860912,8.713102
211476000,27,53.861262,8.712279
305654000,3,53.588121,8.526063
255915684,6,53.588121,8.526063
205492290,3,53.586511,8.527553
219005659,34,56.409173,10.923588
219004242,34,56.409193,10.92394
244030035,1,53.0034,4.78107
244870335,1,53.0034,4.78107
209014000,2,57.117315,12.237418
211208350,16,53.526429,8.148083
355351000,4,53.526429,8.148083
251848740,4,53.524722,8.146994
211349680,3,53.525264,8.145893
211696040,4,53.602014,8.147962
211625340,16,53.601861,8.148106
211265620,13,53.60175,8.148072
636020775,10,53.600702,8.149506
211555420,5,53.60325,8.147265
211117790,7,53.601454,8.148235
211690000,8,53.601716,8.147844
219035058,23,55.476653,8.423035
219329000,8,55.476699,8.422805
219012788,1,55.480826,11.05604
219011491,1,55.856294,9.865609
219029880,4,57.691026,11.873805
266203000,8,57.691026,11.873805
266212000,5,57.690708,11.875542
219029722,3,57.69024,11.8758
265002000,8,57.690625,11.875891
209336000,1,55.860847,12.828409
244675000,1,55.860847,12.828409
265756000,3,55.857771,12.834432
244901000,3,55.857771,12.834432
265952000,3,55.85578,12.833471
304853000,2,55.857764,12.834423
244528000,18,53.545237,8.568044
246329000,6,53.545423,8.567823
218768000,8,53.544342,8.570788
245804000,6,53.54393,8.571377
211279790,8,53.544089,8.5713
211290770,21,53.542732,8.568856
770576100,9,53.544721,8.570425
211210280,13,53.544431,8.571302
244596000,6,53.545259,8.567934
227051000,10,53.545534,8.570479
244020255,1,55.043844,9.703799
244030190,8,55.043844,9.703799
211472160,7,53.527375,9.926063
636022113,6,53.527375,9.926063
636090862,3,53.526024,9.926073
211105740,3,53.526348,9.927853
219543000,2,53.526019,9.926063
211147880,5,53.524513,9.930154
564575000,3,53.526279,9.925588
211239490,6,53.526004,9.927501
219002731,16,56.715422,11.51152
211567140,11,56.715422,11.51152
220304000,14,56.715781,11.51193
211474440,10,56.715422,11.51152
219031428,19,56.715931,11.510929
211597330,5,56.715422,11.512353
219029698,14,56.716109,11.511119
219018865,31,56.715561,11.510599
211484000,2,53.502715,7.098316
211607000,3,53.502715,7.098316
245726000,4,56.152304,10.218866
219029751,21,56.152304,10.218866
219002416,22,56.152098,10.218637
219000175,16,56.150664,10.217965
305983000,3,55.088994,14.692411
219022260,11,55.091341,14.688933
211249410,10,54.509444,13.63462
211222830,10,54.509444,13.63462
211556950,8,54.50909,13.634765
244468000,49,54.638481,11.373545
244030634,61,54.638481,11.373545
219033078,31,54.638485,11.375259
246925000,60,54.637743,11.373859
205196000,36,54.638212,11.374543
245693000,49,54.637943,11.373896
246812000,67,54.63824,11.373586
246702000,41,54.639045,11.375336
245319000,13,54.637986,11.373966
244475000,48,54.637766,11.373988
255915769,50,54.63902,11.37539
245875000,37,54.638442,11.373812
245489000,42,54.637907,11.373742
218197000,28,54.637416,11.37516
244750806,57,54.638034,11.373626
235116828,46,54.638379,11.373562
211156800,9,54.638333,11.374572
211170540,2,54.099192,13.383359
211170590,2,54.099192,13.383359
218037430,26,54.512662,13.645415
211659630,45,54.512662,13.645415
245925000,4,54.511989,13.643974
211887350,26,54.511646,13.643916
232042488,4,54.511535,13.643833
255805561,38,54.483978,13.58661
250006161,52,54.482987,13.587053
210383000,28,54.483291,13.587381
255805280,27,54.484439,13.58743
218346000,36,54.483775,13.586654
219029786,1,55.453346,8.45428
257024000,8,55.453346,8.45428
211796430,3,54.472146,9.033996
211309720,3,54.472146,9.033996
211548430,6,54.470779,9.035529
211731030,6,54.472359,9.03643
235111522,42,54.173899,7.89347
232033197,41,54.173899,7.89347
232027489,40,54.174735,7.89529
232005627,42,54.174596,7.89474
211226520,48,54.1748,7.894863
211294420,41,54.175405,7.893751
219025992,41,54.175011,7.895853
219019934,42,54.174972,7.895914
245662000,41,54.175171,7.89603
211417590,12,54.174907,7.895106
232020872,42,54.174603,7.894679
211286500,15,54.1742,7.893951
211337920,41,54.174803,7.894811
211254620,16,54.173409,7.89779
211544000,17,54.175113,7.894716
245136000,35,54.175401,7.894163
211626000,17,54.175128,7.894698
244189000,36,54.175427,7.894309
232054448,34,54.175377,7.896244
232046093,9,54.176644,7.89251
636009548,2,53.887791,9.181076
211235020,9,53.887791,9.181076
211400260,9,53.887799,9.181235
211193180,1,54.151602,11.771009
245923000,9,54.151602,11.771009
244714000,1,55.516678,10.774739
245485000,1,55.516678,10.774739
210547000,2,54.335357,10.170428
211511440,1,54.335357,10.170428
277408000,1,54.337654,10.170382
220259000,13,55.674967,11.099503
219003966,10,55.675315,11.100343
219000176,10,55.675429,11.100289
219296000,9,55.67459,11.099827
305967000,5,55.673277,11.097846
304955000,4,55.674008,11.096858
211298680,4,53.774708,7.866924
211413700,10,53.774708,7.866924
211310100,10,53.707898,7.809934
211227580,10,53.708359,7.809653
219033166,34,54.481353,13.583899
211156470,40,54.480025,13.582381
232051641,40,54.479839,13.582279
235091254,38,54.480174,13.583084
219029563,29,54.480536,13.581836
219032375,46,54.480011,13.583358
235108711,38,54.480103,13.582617
219027299,32,54.480398,13.582056
211269680,15,54.480211,13.582365
211337780,21,53.900526,11.458367
211219630,10,53.900526,11.458367
314672000,13,53.900882,11.457377
245050000,3,53.901077,11.455413
211225390,9,53.898484,11.455204
211157880,18,53.898903,11.457643
211495320,10,53.898207,11.458528
211495300,12,53.898364,11.458367
211369510,14,53.899062,11.459408
211357210,20,53.89908,11.457289
230663000,9,53.900795,11.458717
211278920,7,53.900627,11.456556
211215180,6,53.899079,11.456504
236750000,2,53.337143,7.201729
226341000,2,53.337143,7.201729
374011000,2,53.338508,7.203686
211304260,4,54.386207,10.166887
211224360,3,54.386207,10.166887
211249300,3,54.385377,10.16655
636023962,4,53.530126,9.916562
255805555,4,53.530126,9.916562
211668700,11,53.529688,9.919182
219620000,6,53.52974,9.918181
219533000,5,53.529526,9.91871
219000184,4,55.094288,10.234271
219024281,11,55.094288,10.234271
218061300,4,55.095257,10.233511
218054990,21,53.627768,7.159069
211892210,24,53.627768,7.159069
211490000,14,53.626468,7.159963
232040984,14,53.626789,7.159524
211727520,19,53.626629,7.1606
211158400,21,53.626575,7.160362
211507500,29,53.626548,7.159273
211216660,28,53.626076,7.159356
218001450,21,53.626505,7.159551
211232500,14,53.627448,7.159427
219016664,8,53.627649,7.159078
211692820,10,53.626866,7.159595
211517490,1,53.241691,8.467053
211204590,2,53.241691,8.467053
211375510,4,54.107819,13.808166
211114470,2,54.107819,13.808166
211338680,5,54.305914,13.117678
211264760,4,54.305985,13.117415
211835770,40,53.871558,8.708963
211221190,47,53.871558,8.708963
211805140,68,53.87113,8.709963
246852000,53,53.870821,8.711696
211290730,42,53.871249,8.710063
211293950,39,53.871437,8.708753
211208420,34,53.871566,8.709318
211228220,63,53.870929,8.709709
211349270,37,53.870819,8.709118
211626110,27,53.871265,8.710079
211572130,7,53.87359,8.708583
211316890,34,53.871322,8.708785
219000949,18,53.871195,8.710485
218413000,15,53.870477,8.710458
246954000,13,53.870748,8.711434
218356000,36,53.871357,8.709313
211629290,46,53.871398,8.710185
249100000,1,57.586362,11.664936
563460000,2,57.68802,11.860193
231355000,2,57.688044,11.862002
265339000,18,57.702953,11.940734
265410000,8,57.702953,11.940734
265571320,27,57.704609,11.939049
265509950,15,57.704229,11.939469
265739650,26,57.704334,11.93941
265029700,23,57.704466,11.939312
265177000,17,57.702681,11.937977
265514120,9,57.704218,11.939445
265547220,23,57.704504,11.939217
265514130,23,57.704375,11.939353
265738540,23,57.704286,11.939445
265810550,24,57.704415,11.939326
245341000,14,54.127912,8.863216
244094000,15,54.127558,8.864936
211419000,25,54.128511,8.864324
246184000,14,54.127585,8.864124
245795000,12,54.126477,8.861409
211370000,19,54.12775,8.864494
211191000,28,54.127605,8.864205
211667590,21,53.54303,9.922123
218031880,13,53.54303,9.922123
211626350,15,53.54314,9.921404
218020020,17,53.543052,9.919947
211436040,14,53.543055,9.921889
218028060,11,53.543154,9.919941
211676580,15,53.543048,9.920718
211113010,22,53.543042,9.920343
218029040,14,53.543039,9.9197
218028070,16,53.543153,9.919693
255916110,11,53.543042,9.921643
211178650,2,53.531608,9.966248
247353800,1,53.531355,9.962775
211378690,2,53.532291,9.966243
219019015,26,55.094286,14.695544
219001468,18,55.094286,14.695544
219033720,31,55.095014,14.695407
219750000,14,55.094697,14.696164
219018488,7,55.09431,14.695996
245257000,9,55.095024,14.695391
244536000,6,55.094615,14.694676
211163700,2,53.909745,9.168968
211319650,1,53.909745,9.168968
211511160,3,53.524427,9.889813
265811680,2,57.670634,11.84931
265779630,2,57.670634,11.84931
211452950,1,54.459557,12.57172
211460410,3,54.459557,12.57172
215908000,2,53.495089,14.620617
636022505,2,53.495089,14.620617
211559130,9,53.524941,10.006184
211666470,8,53.524941,10.006184
211596250,8,53.525297,10.005111
211701600,11,53.525004,10.005845
211701890,11,53.525362,10.005085
211428750,13,53.527671,8.576332
211112160,36,53.526928,8.578153
211352790,36,53.525119,8.578519
211709370,9,53.528595,8.577345
211226120,27,53.525154,8.579186
211347330,29,53.524994,8.578781
211359860,37,53.525102,8.578449
211264470,22,53.526756,8.578149
244496000,20,53.525232,8.578338
246709000,28,53.525004,8.578834
246082000,20,53.525896,8.577612
244007000,29,53.525472,8.57797
244074000,49,53.527157,8.577645
211328230,28,53.869749,8.706488
211322590,14,53.535563,8.578653
211576900,11,53.535563,8.578653
211225920,11,53.535728,8.57908
211595610,10,53.535235,8.578504
211599340,20,53.535183,8.578584
211172020,7,53.533927,8.576922
211225940,11,53.535486,8.578364
211540110,11,53.535219,8.577119
211537690,12,53.535337,8.577313
211578060,1,53.315577,8.485715
211626290,1,53.315577,8.485715
257206000,1,55.472348,10.537707
636021785,2,55.472348,10.537707
244850156,9,53.627762,7.159039
211232960,12,53.625856,7.161264
211263850,2,53.538469,9.868917
211233270,2,53.538469,9.868917
211734040,4,54.299144,13.110086
210052000,4,54.299144,13.110086
244198000,4,54.299183,13.109008
211261090,18,53.897824,9.155143
244180105,37,53.897824,9.155143
211247120,33,53.897104,9.155828
211216480,32,53.897223,9.155997
244750029,11,53.898502,9.157583
211231300,14,53.898372,9.157483
211474530,32,53.896663,9.155226
211177410,8,53.900355,9.15775
211721570,23,53.861951,8.71187
211545300,20,53.861951,8.71187
245069000,27,53.861385,8.713919
257273000,13,53.860416,8.713891
211135190,24,53.861543,8.713946
211450850,21,53.859884,8.7139
211332370,24,53.861253,8.711287
219025574,13,53.860387,8.7138
211411940,13,53.860626,8.712409
211411980,14,53.53753,8.581425
211386490,16,53.53744,8.581219
211224620,20,53.898166,9.152358
211197960,29,53.898162,9.151359
211747930,20,53.898239,9.1512
211508570,20,53.897619,9.151489
261182148,17,53.898219,9.151407
211440410,13,53.898196,9.151028
244870700,19,53.895449,9.152152
246006000,20,53.893989,9.151692
211588580,17,53.891952,9.141723
211233660,15,53.890207,9.143196
211207100,20,53.890788,9.143079
211784710,28,53.89059,9.143684
218767000,23,53.890953,9.143316
218041400,22,53.891114,9.143537
231875000,4,53.501354,9.952714
211550380,4,53.501354,9.952714
211445200,4,53.91149,9.174117
211612900,1,53.910433,9.170249
211471880,5,53.911434,9.173102
211339980,3,53.5276,9.954135
211744060,3,53.5276,9.954135
218858000,7,53.528172,9.955586
255805981,16,53.864549,8.712003
211301380,21,53.865202,8.711877
211324470,33,53.865201,8.711662
228190900,7,57.118094,8.591813
258542000,8,57.118094,8.591813
265026000,18,57.118574,8.59279
219023236,5,57.117835,8.592598
265035000,13,57.119456,8.594354
211325510,8,57.119665,8.594128
211377940,17,54.179475,12.08789
211603970,34,54.179475,12.08789
211549160,27,54.180195,12.08735
211889210,17,54.181241,12.087223
211207710,33,54.179621,12.087834
218084000,31,54.179734,12.087797
211590700,25,54.180872,12.087218
211168190,15,54.178969,12.087809
211549170,29,54.179868,12.087495
211200150,9,54.181411,12.087241
211512300,1,53.54433,9.973146
211619970,1,53.54433,9.973146
257075800,4,58.339336,8.595648
257282700,3,58.339336,8.595648
257502600,3,58.339403,8.59559
211324790,27,53.895049,9.145271
246088000,1,53.973914,11.253412
211226700,1,53.973914,11.253412
211364460,6,53.625907,7.159209
211229200,7,53.626604,7.157169
231884000,2,57.691029,11.881547
265581970,9,57.691029,11.881547
538011287,9,57.690359,11.880131
247153600,1,55.087833,14.693586
247266600,1,55.087906,14.693334
215767000,1,58.140697,7.991531
257165000,9,58.140697,7.991531
258257500,2,58.46176,8.777802
257964600,3,58.46176,8.777802
259540000,2,58.461707,8.778505
219404000,10,57.71741,10.594948
636012905,1,53.50137,9.937928
374588000,2,53.50137,9.937928
219028394,6,56.127538,12.310364
219001604,19,56.127538,12.310364
219022389,27,56.126984,12.310873
220076000,29,56.127833,12.309567
219005941,32,56.127795,12.30995
219022390,27,56.126978,12.310813
219029576,27,56.127151,12.310679
220283000,14,56.002616,8.122709
219014851,14,56.002651,8.122556
219002838,16,56.002408,8.123665
329004800,4,53.040979,4.852422
244730659,3,53.040979,4.852422
244670018,4,53.04268,4.853353
211716130,2,53.043081,4.854317
244000380,3,53.041234,4.851981
219034790,3,54.751469,10.671381
211332100,11,54.751469,10.671381
244585000,7,54.752002,10.671818
246084000,7,54.751974,10.671839
219945000,1,55.702408,12.599103
256750000,1,55.702408,12.599103
257122000,18,57.720753,10.600639
277354000,17,57.720753,10.600639
235033145,12,57.720349,10.601905
211410690,10,57.719393,10.602861
219022326,15,57.719026,10.60054
232025939,11,57.720035,10.602322
219023911,8,57.719097,10.600642
219000881,56,57.59411,9.957639
257650500,56,57.593615,9.957711
219015595,55,57.59329,9.957237
219014374,60,57.593558,9.958326
235006758,23,57.593172,9.95611
219009591,11,57.593753,9.956921
219004596,44,57.594143,9.95772
232045644,27,57.593192,9.956616
219007596,26,57.594122,9.960902
219011325,32,57.594214,9.958897
219006443,37,57.593974,9.957335
220345000,21,57.594402,9.958237
219026172,13,57.594533,9.960388
219006092,17,57.594002,9.9604
258517000,22,57.594167,9.960057
219005496,19,57.593932,9.960504
265527020,4,55.866157,12.824258
265797590,5,55.867146,12.823626
245553000,8,53.860332,8.713005
244201000,1,53.526991,9.917807
219024675,22,55.593419,12.678478
219003452,22,55.593419,12.678478
219024176,27,55.592861,12.680112
219001063,20,55.593261,12.678085
219000174,23,55.592894,12.679989
211325290,9,56.000787,8.128716
219018493,14,56.000457,8.128299
219709000,4,57.593204,9.96272
219023274,18,57.593562,9.960175
220051000,17,57.593735,9.959537
219001588,7,57.593003,9.96315
220182000,8,57.593208,9.962749
219429000,5,57.59382,9.96228
219006284,3,56.764099,8.863944
219005887,3,56.764099,8.863944
219006283,3,56.764121,8.863359
219006389,3,56.764222,8.863636
219004119,5,57.296444,10.923428
219000734,9,57.296444,10.923428
219005866,5,57.296033,10.92503
219000407,6,57.296402,10.923023
219024336,6,56.035592,12.615687
219000158,6,56.035592,12.615687
219622000,6,56.033506,12.616446
219007378,2,55.853552,9.874945
219002493,3,55.853552,9.874945
266324000,6,56.156996,14.82147
255806372,2,56.156996,14.82147
257031080,3,56.155741,14.821045
277466000,2,56.156602,14.818817
219028115,2,56.156455,14.818783
209764000,3,56.157225,14.818633
275541000,2,56.157204,14.818424
265594380,1,55.115121,9.838738
236111849,1,55.115121,9.838738
219000804,2,54.837635,11.489826
219000195,2,54.837908,11.489901
266239000,7,55.625773,12.992119
265042000,6,55.625568,12.992289
266262000,3,55.625624,12.992439
255861000,5,55.624468,12.994802
265051000,4,55.625574,12.992409
236111925,2,55.624399,12.995186
265527470,6,56.199212,12.546167
265828500,6,56.199212,12.546167
211139470,10,56.197931,12.546344
219381000,17,55.475893,8.418624
219010518,28,55.477406,8.415202
259128000,11,55.476709,8.415681
219570000,13,55.47802,8.417942
677064088,9,55.476746,8.415401
248891000,10,55.477356,8.418058
219001789,19,55.477601,8.416795
219027992,9,55.477024,8.415025
219313000,7,55.47748,8.415084
231074000,9,55.478169,8.418468
219012302,26,56.127778,12.310301
219004128,26,56.127995,12.309887
219011032,26,56.127886,12.310121
219005969,26,56.127737,12.309642
219005921,26,56.127468,12.310187
219000897,26,56.127718,12.30979
220336000,26,56.127909,12.309488
219004203,26,56.127615,12.310366
256002474,2,53.690233,7.253604
232027663,7,53.690233,7.253604
244790332,6,53.690682,7.255771
244915000,5,56.366492,8.120756
220622000,6,56.367519,8.120946
219868000,6,56.367704,8.12067
219022256,15,54.572194,11.929669
219029703,18,54.572194,11.929669
219009338,12,54.572228,11.928586
219023945,19,54.572322,11.928992
219024178,20,54.57193,11.928745
219011922,15,54.572632,11.927684
219016758,7,54.572085,11.929495
219002823,13,56.127792,12.310259
219006835,25,57.32115,11.126224
220046000,25,57.32115,11.126224
219009229,16,57.321033,11.125915
219006113,24,57.320893,11.126755
219001553,25,57.321224,11.126955
220279000,25,57.32105,11.126606
220349000,25,57.321147,11.126105
219006219,25,57.321129,11.1264
219000855,25,57.32101,11.126655
220323000,25,57.321097,11.12713
219002005,25,57.320729,11.126139
220334000,24,57.320887,11.127191
220341000,25,57.321141,11.127076
219001149,12,57.321288,11.126823
219015617,56,57.492777,10.504116
220072000,38,57.492777,10.504116
220359000,36,57.49284,10.504321
219002585,39,57.493736,10.502131
219013885,55,57.493116,10.503664
219000191,52,57.494645,10.501627
219000472,40,57.494704,10.502108
220368000,39,57.492882,10.50443
219021235,43,57.493022,10.503507
219001522,39,57.494129,10.503025
220256000,39,57.493566,10.502444
220076700,20,57.493502,10.50422
219006301,38,57.492744,10.504034
219006971,41,57.492943,10.50359
219024923,42,57.493285,10.50416
219007036,42,57.493159,10.503782
219009135,43,57.493195,10.503893
219005954,38,57.493941,10.502042
219024715,38,57.492795,10.504216
219013485,16,57.492934,10.504573
232027082,1,57.682676,10.663272
220614000,2,57.682676,10.663272
220446000,14,55.461699,8.440226
219029233,33,55.461699,8.440226
219017945,8,55.463525,8.43818
219009417,13,55.462195,8.440342
219032379,9,55.461771,8.438526
219030533,13,55.463044,8.440956
219022047,42,55.461,8.437193
220600000,7,55.461485,8.43856
219000604,28,55.461214,8.439367
219000603,12,55.461324,8.439124
219034015,40,55.463105,8.440403
244716000,18,53.435577,5.775698
244730486,18,53.435577,5.775698
244710742,17,53.434444,5.775098
244770295,16,53.436478,5.776079
244730536,18,53.436255,5.776126
245202000,17,53.43599,5.77547
244750034,18,53.436266,5.776184
244740651,18,53.436274,5.776044
244710846,13,53.43424,5.774819
244710741,18,53.434816,5.775548
244780254,16,53.436572,5.776076
244780855,18,53.436315,5.776038
246551000,18,53.435721,5.77571
244650672,12,53.436266,5.775988
244780247,16,53.436548,5.776043
244750969,16,53.4345,5.774481
244670166,16,53.43649,5.776034
244780504,17,53.435127,5.775631
244700923,18,53.436084,5.775815
211815660,23,53.869059,8.711983
211464260,6,53.868559,8.711269
246539000,3,53.505213,9.959715
664445000,2,53.505213,9.959715
636018735,2,53.504224,9.959151
210425000,8,53.904836,14.263719
261003244,10,53.904836,14.263719
261003546,7,53.906,14.261611
261011460,6,53.905936,14.26112
265463000,1,55.368123,13.152513
265056000,3,55.36981,13.149174
219027893,43,55.461952,8.443062
255806447,7,55.459687,8.444023
219000161,39,55.462195,8.443601
219679000,41,55.462111,8.443393
219298000,16,55.461019,8.443444
255746000,17,55.462612,8.443386
211472890,9,53.701552,7.704609
211156000,7,53.701552,7.704609
211510170,5,53.701738,7.704748
211418000,11,53.701778,7.704856
211283830,11,53.702482,7.706034
211879700,11,53.702365,7.706062
211176000,5,53.701672,7.704946
244660249,2,53.067394,5.337039
244710819,2,53.067394,5.337039
244710557,2,53.068926,5.338495
341303002,1,55.47315,10.538002
219699000,17,56.696799,8.222333
220141000,19,56.696799,8.222333
219024698,37,56.696851,8.220914
257941000,27,56.696242,8.222552
219000859,28,56.697244,8.220596
219058000,12,56.69579,8.221872
219001211,10,56.69413,8.222115
219689000,14,56.696801,8.222376
219330000,12,56.696546,8.222558
219798000,10,56.694214,8.221182
219168000,24,56.69502,8.223016
219025068,9,56.694082,8.221267
220474000,22,56.695607,8.220779
220135000,10,56.694142,8.221182
219340000,35,56.696882,8.222264
211224650,4,53.359042,7.204263
244660537,4,53.359042,7.204263
211224310,3,53.360903,7.204322
245524000,3,53.359844,7.203262
246832000,4,53.35852,7.202433
246818000,15,55.449806,8.47018
246819000,1,55.449806,8.47018
258030900,9,55.460857,8.448009
244723000,41,55.460413,8.447413
275514000,5,56.143718,10.221605
211100000,3,56.143718,10.221605
341299002,3,56.144134,10.222654
230643000,3,56.144087,10.220543
374395000,2,54.765259,11.864635
209982000,3,54.766053,11.864054
219026443,3,55.278695,14.801357
219016988,3,55.278695,14.801357
266037000,4,56.157636,15.576125
265820940,2,56.157636,15.576125
265006000,2,56.159423,15.574668
265632000,3,56.161095,15.577063
211445240,3,53.910803,9.177115
257084120,8,53.91017,9.175449
265607090,21,57.598939,11.793215
265525670,10,57.598939,11.793215
265650950,16,57.599111,11.793298
265507770,18,57.599044,11.793326
265671520,8,57.645301,11.857392
265708000,14,57.644599,11.858314
266458000,8,57.598563,11.793214
265527030,17,57.598859,11.793389
219020688,19,57.598517,11.793067
219028973,22,54.657053,11.349194
219018788,22,54.657053,11.349194
219033221,9,54.656408,11.349366
219014219,20,54.65622,11.348479
211304530,15,54.655902,11.347223
219472000,25,54.656473,11.34951
219299000,19,54.656754,11.349999
219000155,19,54.657154,11.349345
219448000,22,54.656611,11.349749
220520000,15,54.656648,11.348639
219016665,9,54.655982,11.348631
220252000,12,56.155745,10.216249
219001166,19,56.155884,10.214479
219031895,1,56.158351,10.216544
219003249,15,56.155883,10.214764
215134000,1,53.532798,9.907144
209276000,12,53.532798,9.907144
211136000,1,53.87473,10.688207
218004000,1,53.87473,10.688207
257583000,9,57.439443,10.545393
266472000,7,57.43999,10.545309
244090107,4,57.420147,10.671554
249110000,3,57.418687,10.6721
211187510,1,54.244399,9.614418
211385020,1,54.244399,9.614418
219305000,16,55.462442,8.445037
538010660,9,55.477497,8.412001
219006563,2,55.299778,10.807473
230091950,2,55.299778,10.807473
219007414,2,55.300505,10.806605
219026197,9,54.856425,10.522163
211256940,5,54.856425,10.522163
244000528,9,54.856036,10.521203
219000851,9,54.85633,10.521881
219002684,11,54.856458,10.522154
211304250,15,54.856553,10.521828
219825000,5,55.454463,8.450375
219012789,6,55.480603,11.094009
219000824,9,55.480603,11.094009
219019354,9,55.480545,11.094348
311022500,3,56.154294,10.219427
248513000,2,56.154595,10.219818
220434000,11,56.152161,10.216489
211233860,8,54.152338,13.647536
219023635,8,54.152338,13.647536
211275030,7,54.152514,13.647544
211180420,10,54.151834,13.649633
246085000,11,54.952994,12.466459
219016747,19,54.952994,12.466459
235095777,16,54.952546,12.46628
244700663,18,54.952309,12.466228
219029707,15,54.953663,12.467127
211776260,14,54.953067,12.464576
219017204,19,54.952905,12.466505
211810060,18,54.952657,12.466157
244690573,7,55.683537,12.596305
219007898,10,55.683635,12.595907
305633000,5,54.145536,13.658684
210090000,12,54.145536,13.658684
228461700,17,54.147064,13.657139
244641000,12,54.145487,13.659199
218039730,12,54.146712,13.657805
211246320,17,54.146838,13.65749
219000183,5,54.997086,11.886102
219001259,7,54.997086,11.886102
219001461,7,54.997184,11.885829
219777000,7,54.996985,11.886425
245720000,2,54.292445,9.676403
305661000,4,54.292445,9.676403
257077480,3,54.292454,9.67655
309586000,4,55.617946,13.002114
636017077,1,57.592893,11.68715
261031660,9,54.587346,16.853135
261003680,5,54.587346,16.853135
261006890,3,54.586992,16.852967
261003310,6,54.585316,16.854816
261496000,2,54.587413,16.853137
261002303,3,54.583461,16.854421
538007133,1,57.559962,11.658175
255806119,1,53.504141,9.968566
211526930,2,53.504141,9.968566
244710933,28,53.360184,5.21773
244100932,27,53.360184,5.21773
244710380,27,53.359747,5.217588
244190013,20,53.358182,5.216195
244056066,25,53.359954,5.217506
244780768,28,53.359888,5.217604
244670965,23,53.360357,5.217882
244005558,16,53.361834,5.219311
245384000,23,53.36106,5.218445
244009421,25,53.358349,5.217498
244750484,27,53.359489,5.21751
244710389,26,53.360191,5.217839
244700395,27,53.35972,5.217447
244660711,27,53.359726,5.217366
244690418,26,53.360253,5.217744
244810821,25,53.360332,5.21793
245585000,23,53.358161,5.217044
244670723,23,53.361174,5.218491
244690765,28,53.359885,5.217684
246164000,25,53.358303,5.216503
244630179,24,53.360369,5.217735
244740231,27,53.35951,5.217358
244770920,25,53.36013,5.21787
244660883,26,53.359707,5.217593
244413000,17,53.358157,5.21595
244660526,19,53.360171,5.217782
244820803,27,53.359748,5.217521
244660712,28,53.359868,5.217731
244615779,21,53.358131,5.216569
211588480,6,53.861635,8.710547
244207000,8,53.54672,8.566453
760105000,11,53.547632,8.568532
211634880,17,53.548702,8.566887
233789000,16,53.548658,8.566793
211701340,2,55.052144,10.159206
211783710,7,53.545159,9.960765
211513110,6,53.545159,9.960765
211437270,10,53.545195,9.959976
211710650,4,53.545277,9.962589
211437340,13,53.545175,9.96
211437470,9,53.5451,9.960263
211437770,15,53.545109,9.960261
218019090,14,53.51714,8.146185
211745030,14,53.51714,8.146185
211292900,11,53.515212,8.145104
211591710,10,53.516204,8.144741
218001460,13,53.516745,8.145288
211327610,11,53.515851,8.147256
232026951,6,53.517074,8.145742
305279000,3,53.520682,8.148194
211405010,8,54.497469,8.807549
211291160,6,54.497469,8.807549
211209290,6,54.497635,8.80752
210067000,4,53.651533,9.510801
210283000,1,53.535055,9.950318
413149000,2,53.535055,9.950318
219009041,27,56.699858,8.220247
219027310,25,56.700065,8.222573
219000775,32,56.699846,8.221612
219028268,25,56.69998,8.222608
219034822,17,56.699613,8.220973
244070300,17,56.699959,8.220527
209645000,15,56.69946,8.223601
219019012,31,56.699698,8.221405
259995000,28,56.699516,8.220747
374689000,3,52.958725,4.776601
253000046,4,52.958725,4.776601
244345000,2,52.955126,4.779333
255805762,6,52.958991,4.778087
211214670,3,53.532578,9.974426
211587750,4,53.532578,9.974426
211321680,4,53.53258,9.974381
211715020,4,53.532655,9.974829
244700811,2,53.187815,5.430627
246195000,3,53.187815,5.430627
246594000,4,53.187241,5.42893
245877000,2,54.053232,13.785014
226014880,2,54.053232,13.785014
218090000,3,54.053055,13.783272
219008089,12,56.703424,8.219866
235081865,13,56.705374,8.221481
211234500,14,56.704571,8.222933
245265000,9,56.70395,8.221049
211452000,15,56.704427,8.222993
219017895,18,56.704186,8.22243
218049110,12,53.544787,9.957242
218055750,15,53.54466,9.955595
218038620,11,53.544618,9.955361
211261270,7,53.544637,9.956037
211437320,10,53.544778,9.956124
245175000,8,53.875476,8.704373
211469650,3,53.491983,9.982473
255915683,1,53.491983,9.982473
211589210,1,53.491584,9.981548
270432000,1,53.491026,9.982503
255806484,5,53.533966,9.95217
440223000,5,53.531279,9.91346
566407000,2,53.580193,8.533559
370254000,4,53.577135,8.536466
261182727,1,53.482385,14.614016
255807000,1,53.482385,14.614016
211223260,1,54.05364,13.783555
211774670,4,53.524797,9.936711
211516500,9,53.524797,9.936711
211374560,9,53.524897,9.936701
232055877,2,56.35851,7.729503
232058582,2,56.35851,7.729503
211319480,3,54.135274,13.766614
211520120,6,54.135274,13.766614
211227930,3,54.135559,13.766341
211891740,6,54.13636,13.765058
265871000,1,57.634332,18.278505
266445000,1,57.634332,18.278505
211546400,1,54.789953,9.43555
211178260,1,54.789953,9.43555
265807470,1,58.247651,8.379402
257895900,2,58.247651,8.379402
261185230,2,53.895968,14.249931
261464000,4,53.895968,14.249931
261186488,3,53.894967,14.25124
265732730,1,55.926715,14.308263
305468000,1,55.926715,14.308263
211467420,1,53.242266,8.467416
314584000,1,53.411524,14.598726
314438000,1,53.411524,14.598726
211764490,1,55.71562,10.018114
219023737,2,55.71562,10.018114
265068510,1,57.434157,10.55877
211838110,15,56.406819,10.922587
212112000,1,53.945401,10.859942
211833390,2,53.941738,10.861591
219028133,18,55.097598,14.692763
219592000,1,55.70147,12.598933
257526000,2,55.70147,12.598933
257637000,3,53.567356,8.546606
219025273,8,53.567356,8.546606
211282710,6,53.567611,8.546657
220486000,6,53.567793,8.546739
211593750,13,56.701673,8.21842
219941000,22,56.70142,8.219098
219029708,47,56.700823,8.217626
205227000,15,56.702003,8.219164
219015103,19,56.701353,8.218953
211667030,1,53.502789,7.098424
219186000,1,55.546598,5.023583
219015384,1,55.546598,5.023583
211516210,6,54.420839,11.190956
211227550,5,54.420839,11.190956
218176000,5,54.421706,11.190628
218801000,2,54.421688,11.190618
259222000,1,54.318111,10.139024
266343000,4,54.318111,10.139024
219551000,2,53.637731,-0.199312
219234000,1,53.637731,-0.199312
255806364,5,55.452111,8.479084
305956000,5,54.9979,11.884036
219948000,5,57.593406,9.961741
219560000,2,53.945348,10.859901
220127000,23,57.492271,10.506909
219167000,1,55.454489,12.189957
265866000,3,53.9419,10.861707
212499000,1,55.366376,13.159342
209183000,7,55.368996,13.155852
244060938,7,57.706497,11.658237
209867000,3,53.904395,14.262943
219005313,18,56.15241,10.252319
219705000,13,56.15241,10.252319
219018172,14,56.152643,10.251981
219005477,22,56.152439,10.251323
219022903,13,56.152264,10.252946
211587000,1,53.566197,6.760601
211489000,1,53.566197,6.760601
220204000,5,57.492299,10.507027
245438000,6,53.335611,8.491406
548915000,4,53.335611,8.491406
209313000,1,53.332515,8.489192
218058660,5,54.47289,9.040999
244700724,9,53.295743,5.090687
244615546,9,53.295743,5.090687
244670057,9,53.295776,5.091163
244670013,9,53.296051,5.09091
244060162,9,53.294254,5.091153
244670961,9,53.29602,5.090954
244730993,9,53.295866,5.091029
244710171,9,53.295809,5.091099
244670058,9,53.295889,5.091197
244630490,9,53.29567,5.090843
211202730,15,54.403631,10.217149
211514540,11,54.403807,10.217267
211226330,7,53.899242,9.150659
211629870,5,54.664383,9.937679
211264530,6,54.664383,9.937679
211279160,5,54.664458,9.937772
257127140,2,53.85859,8.730829
211476340,4,53.85859,8.730829
636023927,2,53.860533,8.727442
244150996,3,53.329687,6.931549
244690886,7,53.329687,6.931549
246582000,5,53.329976,6.931641
244110640,5,53.328173,6.931921
232015469,3,53.455874,6.830419
236112832,3,53.455874,6.830419
245746000,7,53.455229,6.83142
636093091,2,53.452811,6.832286
246194000,1,53.491544,6.352982
244620146,1,53.491544,6.352982
244030325,8,53.40892,6.207524
250003788,9,53.40892,6.207524
244740400,15,53.409112,6.2042
245692000,9,53.409168,6.207793
245328000,10,53.409191,6.206354
244170098,8,53.409045,6.207304
246151000,11,53.408258,6.205958
244499000,9,53.407268,6.203469
245445000,11,53.409322,6.205851
211445190,5,54.174044,9.449977
211245550,4,54.174044,9.449977
211202570,5,54.173904,9.449547
244710743,7,53.409273,6.199387
244250595,9,53.409273,6.199387
244710740,8,53.410488,6.197905
244780281,9,53.409421,6.199425
244690019,9,53.4093,6.198799
244589000,9,53.409642,6.198905
244566000,8,53.4102,6.197817
261185762,4,54.437559,16.38498
261006780,4,54.437559,16.38498
261001400,4,54.437844,16.38508
261001620,4,54.437671,16.38514
255915631,4,54.436645,16.385738
209325000,3,54.155528,12.123043
538010966,6,54.155528,12.123043
255915600,4,54.15703,12.120875
311000818,8,54.156061,12.121493
220088000,3,57.592816,9.96417
209535000,4,54.63652,11.387515
212160000,13,54.63652,11.387515
210222000,18,54.636483,11.387486
219016906,8,55.093397,10.24066
219000368,11,55.093297,10.240029
211850640,1,55.309022,10.79098
218039370,24,54.314617,10.134386
211872380,26,54.314617,10.134386
218035310,22,54.314529,10.1345
211231520,18,54.314805,10.134353
211399920,25,54.314661,10.134271
211848130,21,54.313646,10.133686
211341930,21,54.313486,10.13354
211865680,26,54.314646,10.134711
211611070,19,54.314807,10.134374
244250000,1,53.300937,5.286999
244798000,1,53.300937,5.286999
219026749,10,56.684169,8.225598
219024185,10,56.684169,8.225598
219032749,11,56.683802,8.226609
219026750,11,56.683841,8.226279
249127000,4,56.682378,8.227993
219020758,1,54.908459,9.782872
219003217,6,54.908459,9.782872
211316340,4,54.173932,12.118607
211815680,9,54.173932,12.118607
211912000,11,54.173335,12.116594
211215700,9,54.174379,12.118182
211178860,15,54.173801,12.11516
219027328,3,55.171448,11.159889
219005068,3,55.171448,11.159889
211890660,1,55.331724,11.141315
636022504,1,57.559939,10.718477
636024970,4,57.691143,11.874074
538006781,1,57.574703,11.679843
374057000,1,57.58826,11.667005
636022981,5,53.651584,9.5107
261501000,6,53.910301,14.272566
211202400,3,53.910301,14.272566
269057146,2,53.911386,14.271762
261354000,5,53.912822,14.274234
636018714,4,53.911405,14.275215
261493000,3,53.912705,14.273999
245150000,7,53.40682,6.2
220338000,2,55.45052,10.665278
219003103,2,55.450598,10.665534
211507280,2,53.559413,8.557751
211138300,7,53.559413,8.557751
311000840,3,53.559598,8.554647
211513130,6,53.655448,9.509303
211498060,6,53.525527,10.003401
231025000,3,56.163512,14.862192
211291150,20,54.178208,12.090526
211624750,16,54.178069,12.0907
244602000,10,54.179323,12.090135
211302890,10,54.179108,12.090291
219004043,18,55.0874,8.56831
209392000,17,55.0874,8.56831
232050960,21,55.086944,8.567173
209702000,17,55.087853,8.568307
219013708,14,55.087648,8.565943
219032609,23,55.087052,8.566847
219001275,12,55.087832,8.565595
211526880,15,55.088131,8.565457
235089035,23,55.087488,8.566837
266180000,3,58.358345,11.243334
266159000,4,58.358345,11.243334
266053000,3,58.358477,11.243365
265762710,4,58.358232,11.243312
244740711,4,53.561391,6.749306
211589950,8,53.889285,9.145898
211891460,1,54.325532,10.164406
246714000,1,54.325532,10.164406
477144800,3,53.597901,8.515689
255806064,2,53.597901,8.515689
319002200,6,54.093216,12.130448
245898000,9,54.093216,12.130448
211694030,3,53.702436,7.164022
211405020,4,53.702798,7.164592
211223920,4,53.701919,7.163819
218037720,2,54.315013,8.947941
219344000,5,54.315013,8.947941
311001499,1,55.697811,12.630078
257415000,1,55.697811,12.630078
211227270,5,55.016548,8.439547
211609560,5,55.016548,8.439547
211224820,3,55.016787,8.439851
211141910,3,55.016564,8.439995
211227920,4,54.13496,13.767204
244287000,7,53.181376,5.418935
251468000,9,53.181376,5.418935
538009069,9,53.181734,5.418824
244170522,8,53.182072,5.419434
244862915,9,53.1819,5.418871
244700710,9,53.182559,5.420524
245999000,9,53.181759,5.418528
244860892,7,53.182262,5.419488
211437280,9,53.535449,9.879684
211316150,10,53.535449,9.879684
211257820,6,53.535333,9.879811
211666330,5,53.535848,9.878343
211472760,8,53.535596,9.879437
235114973,12,53.444753,6.825527
265057560,1,58.273657,11.43929
265030000,2,58.273657,11.43929
265609960,1,57.618252,11.762106
266186000,1,57.618252,11.762106
219020398,5,54.180127,15.554811
261003060,5,54.180127,15.554811
261006730,5,54.180375,15.554308
261003710,5,54.180181,15.554756
211302570,5,54.1808,15.555039
261001340,1,54.183931,15.553387
210546000,1,57.266165,16.478884
314001024,1,57.266165,16.478884
218021300,2,53.677072,7.573469
211226490,14,53.677072,7.573469
211270840,9,53.67686,7.573612
220092000,4,54.909972,9.783513
211154930,1,54.912364,9.783891
309374000,1,53.536049,9.994867
211544210,2,53.536049,9.994867
211298490,1,54.692421,8.572623
211223310,11,54.692421,8.572623
211835310,22,53.523133,8.580516
211164000,18,53.523158,8.581433
440072000,4,55.465553,8.435944
219166000,5,55.466854,8.435561
266335000,1,56.661675,16.371625
265069550,2,56.661675,16.371625
257035110,2,58.017206,7.481538
257190140,4,58.017206,7.481538
257059320,5,58.017263,7.481233
211162610,2,53.542265,9.980193
211512320,2,53.542265,9.980193
211459920,2,53.542075,9.980431
211785710,3,54.682265,9.991613
211519000,8,54.682265,9.991613
211800420,10,54.682271,9.991159
211517200,8,54.682275,9.991319
244482000,1,54.119231,12.086941
305005300,1,54.119231,12.086941
219000818,12,55.269485,9.888514
219017325,8,55.269485,9.888514
219000553,13,55.270235,9.889056
219002587,8,55.269751,9.887428
219002857,8,55.679209,12.593247
219385000,5,55.679209,12.593247
219005511,3,54.993477,9.985443
219000606,3,54.993477,9.985443
209056000,5,53.586876,8.527203
205309590,3,53.586876,8.527203
219024702,4,55.941921,11.866233
219027804,4,55.941921,11.866233
244870072,2,55.447899,8.477625
258761000,5,55.447899,8.477625
219013514,1,55.343632,11.059017
220466000,1,55.343632,11.059017
211789680,3,53.528982,9.922334
211444890,4,53.78718,9.344046
211474990,4,53.787436,9.34441
244700191,3,53.184741,5.426291
244730277,3,53.183501,5.424679
219596000,2,55.450326,8.479971
230357000,2,55.451063,8.478382
219285000,21,53.552538,8.560958
244791000,18,53.552538,8.560958
211290740,30,53.553055,8.560571
218057440,16,53.552561,8.560985
219023842,24,53.553039,8.56052
218057450,21,53.55344,8.560186
211625350,24,53.553597,8.561694
218007800,22,53.553034,8.560135
311000410,6,53.554366,8.558245
265714460,2,55.675653,13.058658
265011730,2,55.675653,13.058658
210178000,3,53.995582,6.42221
311011900,1,53.995582,6.42221
232018395,1,53.338541,7.201826
219023834,16,54.933935,10.834084
219008145,12,54.933935,10.834084
219016781,11,54.933581,10.833572
219001061,14,54.933914,10.833697
231522000,1,55.855362,9.872021
219158000,6,57.432493,10.536147
219031730,3,57.431838,10.536641
219004196,8,57.431833,10.536248
244030069,6,53.179526,5.416403
244216785,5,53.17915,5.417059
265624900,2,57.712058,11.965667
265625300,2,57.712058,11.965667
253000039,2,53.337431,7.192629
211625860,4,53.573546,8.550307
211220870,5,53.573546,8.550307
211106380,8,53.573087,8.552998
441151000,4,53.573625,8.552744
211116250,3,53.573366,8.550264
211303340,4,57.705759,11.659845
266057000,7,57.706508,11.659126
265626130,2,56.156221,14.829074
265619980,2,56.156221,14.829074
257041820,7,58.4583,8.769437
257169000,12,58.4583,8.769437
258027670,8,58.458933,8.769203
257094360,8,58.458691,8.769678
257402900,7,58.45782,8.768607
258325000,6,58.458704,8.771555
257004200,6,58.458928,8.769046
235089046,5,53.652147,9.511774
211494630,8,53.653941,9.510611
215389000,7,53.650964,9.511262
211717470,10,53.603808,8.508449
367606000,7,53.602956,8.509151
211160500,8,53.603903,8.508266
566278000,9,53.602401,8.509809
219022789,2,55.705398,9.55875
341412000,2,55.705398,9.55875
212880000,2,55.705249,9.55959
265808520,23,57.772534,11.618234
265803980,15,57.773169,11.617246
265695210,18,57.772582,11.618364
265001160,21,57.772565,11.618366
266388000,7,57.772928,11.617679
266065000,7,57.772979,11.617541
266076000,14,57.772824,11.617798
244615694,1,53.695656,7.162565
219002418,3,55.212381,14.971712
219000751,3,55.212381,14.971712
255915570,2,53.456524,6.826279
211118470,10,54.177282,12.094804
211318180,5,53.538485,8.164175
211278240,6,53.537424,8.163222
219033013,14,55.972319,11.369595
219030656,14,55.972319,11.369595
219023648,14,55.972149,11.370623
219016615,9,55.972275,11.369162
219024604,17,55.972195,11.369531
211894940,4,53.707715,7.809624
211209320,6,53.708007,7.810308
211445220,1,54.017865,9.299121
211363340,1,54.017865,9.299121
244830937,1,53.395601,5.879444
370110000,1,53.395601,5.879444
244296000,1,53.188246,5.43331
219000674,6,54.891443,10.413501
211303230,6,54.891222,10.413733
219000836,6,54.891581,10.41341
261032010,13,53.898089,14.256583
210095000,4,53.898089,14.256583
261039360,11,53.895859,14.258568
209864000,9,53.897268,14.256041
210174000,10,53.896017,14.256439
311000330,9,53.896839,14.256451
205214000,14,54.638954,11.380595
244890000,11,54.638954,11.380595
265563720,4,56.047842,12.686694
211302560,4,56.047842,12.686694
235100527,4,53.691699,7.249135
231613000,9,54.656334,11.349111
218816000,4,57.048078,10.053486
219001083,4,57.048078,10.053486
219012563,4,57.048032,10.053314
231860000,5,56.154704,10.241186
231789000,4,56.153195,10.238807
311818000,5,54.891324,10.413443
211235160,3,53.521096,9.954696
211790680,4,53.521096,9.954696
246478000,3,56.655926,12.856107
538010647,2,56.655745,12.854782
246395000,3,56.657212,12.857505
211436370,5,53.53799,9.879919
211789180,14,57.1199,8.595505
226246000,4,57.118457,8.594336
219001253,4,55.710739,12.59863
375052000,4,55.710739,12.59863
219002349,5,55.73469,12.598615
211797460,6,54.662314,9.936049
211537310,1,54.570303,13.110401
636021768,2,56.154754,10.24082
236385000,2,56.149094,10.226448
538011299,1,53.442881,6.851556
256755000,2,53.442881,6.851556
266331000,5,54.316653,10.135877
211222800,8,53.876465,8.700341
211759340,7,53.87683,8.698445
211208450,12,53.876321,8.699593
211555110,6,53.957831,10.875532
211275360,7,53.957831,10.875532
211168700,7,53.959115,10.877024
211779530,7,53.958874,10.876003
211223950,3,54.148877,12.111569
265504700,2,57.885939,11.591572
269112910,5,57.88597,11.591448
244832000,4,54.087885,6.924574
257638000,4,54.087885,6.924574
209455000,4,54.086105,6.925557
211226370,6,53.676166,7.5736
211227610,12,53.676166,7.5736
211671000,11,53.67549,7.574555
211270860,10,53.676321,7.574038
211270850,12,53.676157,7.574138
211125170,5,54.109938,12.092115
211118490,4,54.109938,12.092115
211209510,6,54.112386,12.090117
211638130,5,54.111593,12.090556
244750018,1,53.442465,6.854555
231108000,1,55.490702,9.486371
219000193,2,55.490702,9.486371
258031360,5,58.457661,8.766894
244060460,3,53.36423,5.222152
209543000,6,53.530186,9.913369
636021056,4,53.502785,9.937716
245258000,4,53.504877,9.937587
255806451,3,53.505817,9.937421
244315982,5,53.524699,9.963859
255806370,7,53.524699,9.963859
244730009,5,53.522506,9.963545
211525220,3,53.524491,9.965503
244790679,3,53.521258,9.962499
244670800,7,53.523904,9.96602
265616910,5,56.153625,15.584905
265586780,8,56.153625,15.584905
265549210,7,56.153965,15.583892
538005170,1,53.329428,8.48886
211526840,6,53.329428,8.48886
244650460,1,54.307782,9.671982
211398960,2,54.307782,9.671982
211253400,7,53.553706,8.564739
219030885,2,56.163829,15.630229
257207000,1,56.163829,15.630229
257016000,2,56.167024,15.630339
265027530,5,56.929475,12.351398
265588470,9,56.929475,12.351398
266381000,7,56.929441,12.351926
265621060,8,56.929451,12.351736
266139000,7,56.929464,12.351518
245663000,21,54.17671,7.891911
219921000,12,57.120683,8.599617
219016683,1,56.803314,9.020751
219024763,1,56.803314,9.020751
219005827,7,56.795121,8.864414
219020187,4,56.795121,8.864414
219002686,4,56.794952,8.86401
219020188,4,56.795062,8.864683
219004179,1,56.787233,8.876019
211543450,4,54.37133,12.728583
211771340,4,54.37133,12.728583
265011670,2,56.641419,12.778899
265610870,2,56.641419,12.778899
261185420,3,53.896866,14.253175
212673000,5,55.424484,13.827115
212900000,1,55.898984,12.771515
211222710,4,54.359896,10.148014
211212560,1,54.358935,10.145747
232038669,2,53.451346,6.819161
257998000,1,57.64976,10.654121
244860007,1,57.593529,11.684226
212503000,3,55.044073,9.426803
219001647,5,54.406009,11.093094
219460000,1,53.995166,6.109566
219464000,1,53.995166,6.109566
246474000,4,56.033298,14.578335
257186000,2,56.03286,14.577868
211169660,7,54.631895,8.382718
211299300,10,54.631895,8.382718
211673560,11,54.631884,8.382305
211224320,11,54.63184,8.382326
211494500,2,53.603194,8.508796
261002304,4,54.178299,15.557567
211147180,4,54.659397,9.934666
255802570,1,53.849296,8.74725
211211850,1,54.35346,10.145461
211651920,5,54.35346,10.145461
265538220,4,57.700109,11.917397
538070946,3,57.700109,11.917397
265069270,3,57.700254,11.917186
219025739,2,55.821863,10.052583
636023645,3,53.531963,9.912273
304374000,6,53.531963,9.912273
218098000,13,53.531426,9.913407
205168000,8,54.151769,12.123951
244710091,5,54.151988,12.123706
245405000,6,54.15298,12.123179
219002176,4,55.560018,9.755232
211283460,2,53.525825,9.89083
259538000,2,53.525825,9.89083
261269000,6,53.906778,14.265632
261100120,4,53.907044,14.265526
314473000,1,54.132719,13.574171
246649000,3,53.354551,8.497499
211704040,4,53.354551,8.497499
211470990,6,53.354414,8.497508
211124650,1,53.35778,8.497167
269101720,3,54.371239,12.721671
211497360,1,54.371239,12.721671
211806530,3,54.180943,12.102747
269118780,7,54.180747,12.101976
266476000,3,57.690375,11.875908
219003383,5,55.911014,10.257308
219000762,5,55.911014,10.257308
265754490,4,57.989719,11.539738
265032380,4,57.989719,11.539738
636092882,3,53.330409,6.934715
244630173,3,53.330504,6.931935
265604580,27,56.166454,15.595301
265754480,10,56.166454,15.595301
265546920,8,56.163877,15.596693
265604560,10,56.16379,15.596695
266288000,13,56.165746,15.594499
258170360,6,56.166178,15.594511
244780725,3,53.174524,5.452956
244090894,2,53.174524,5.452956
244710661,2,53.174843,5.450003
244780677,3,53.175513,5.451791
219002067,12,55.331881,11.130397
261182619,1,53.895389,14.271807
257431000,5,52.959878,4.780896
245945000,5,52.959878,4.780896
244780379,5,52.961466,4.779142
246911000,5,52.961565,4.780247
249165000,2,53.53023,9.907161
212613000,1,53.506875,9.937279
244873000,1,52.93636,5.034481
205148000,1,52.93636,5.034481
246404000,3,52.958019,4.7835
211224430,2,54.132241,12.097812
219236000,4,58.143224,7.986525
259490000,5,58.143224,7.986525
211130870,1,54.473895,13.449401
211665670,1,53.180957,8.555392
218054210,1,53.180957,8.555392
245014000,4,53.354026,8.497462
244828000,2,53.355615,8.497402
211457700,1,54.307941,9.711547
211440340,1,54.307941,9.711547
211235240,3,53.642803,8.083454
219014141,3,53.642803,8.083454
211226840,5,53.642787,8.083776
211895440,4,53.64249,8.082828
249240000,1,53.668638,-0.233075
248701000,1,53.668638,-0.233075
211292140,1,54.107911,13.808701
211544700,1,53.337015,8.498081
244660053,1,53.337015,8.498081
211324960,1,53.736742,14.051032
211549830,3,53.887684,9.162918
211418860,3,53.887535,9.162815
265001100,3,57.619931,11.927414
265586090,3,57.619931,11.927414
265768870,5,58.353694,11.228828
266437000,3,58.353694,11.228828
265749580,1,58.355965,11.231059
265025230,4,58.353642,11.228489
265732760,3,58.354219,11.230019
211475380,2,53.50699,9.967588
235110776,2,54.096345,3.363085
352697000,2,54.096345,3.363085
351635000,2,54.097813,3.361413
211407020,4,53.676924,7.572605
211643790,3,53.533848,9.974808
211281010,1,53.539943,9.880276
265793820,4,57.64517,11.858745
265547210,12,57.644741,11.858664
246440000,4,54.151507,12.122822
258009780,7,54.15241,12.122217
305957000,4,54.15171,12.122549
563068900,3,53.529861,9.919574
257130700,3,58.141058,7.993765
257076500,6,58.141058,7.993765
258199000,7,58.142379,7.991687
211290170,3,54.822378,9.653975
211226990,4,54.822378,9.653975
258448000,1,56.780147,2.108509
232011190,1,56.780147,2.108509
211397660,1,55.383542,18.742344
356151000,1,55.383542,18.742344
211282700,1,54.420585,11.191388
308445000,2,53.55849,8.556309
219020533,1,55.706752,12.619409
219002801,15,55.706752,12.619409
477929200,1,53.586265,8.155729
352978124,1,53.586265,8.155729
219000643,1,55.260482,9.730349
258110570,1,55.260482,9.730349
219013964,2,55.296644,10.812476
219030406,16,55.099479,14.690238
219000873,2,56.990915,10.306463
219000872,3,56.990915,10.306463
219026147,3,56.608281,10.301535
219008746,3,56.608281,10.301535
219000416,2,56.990533,10.307331
265627630,6,57.574181,11.778412
265050510,5,57.574181,11.778412
265799080,1,57.602761,11.788004
265781000,4,57.574028,11.777705
253726000,1,56.313291,7.6659
305004300,3,56.144078,10.222562
215640000,1,53.532955,9.906731
211296810,7,54.681474,9.992436
211716510,4,54.682018,9.992751
211181000,1,53.700821,7.704764
211552710,4,54.134087,8.591413
211236860,4,54.134087,8.591413
304712000,3,53.125673,8.717306
244724917,3,53.125673,8.717306
255893000,3,53.125262,8.717861
246367000,3,53.125497,8.717428
211217860,1,54.099649,12.113107
211506730,1,54.099649,12.113107
211227130,3,53.686339,7.360534
211283490,3,53.686339,7.360534
219002066,8,57.431976,10.536168
219004194,4,57.431269,10.536742
218010840,1,55.051911,10.158866
211533570,4,54.431717,12.691267
211543850,5,54.431717,12.691267
211817600,5,54.431667,12.691063
211192000,2,54.682284,8.753867
211293880,2,54.682284,8.753867
441399000,3,53.504176,9.937641
210350000,1,53.558971,8.560406
211243440,9,54.692848,8.573505
211551940,7,54.692803,8.574148
636018682,1,57.680466,10.665345
210051000,4,57.680466,10.665345
211294830,7,54.693292,8.575271
211782080,5,54.693203,8.575684
211627310,7,54.373284,10.98858
244366000,10,54.373284,10.98858
211836130,14,54.373452,10.990233
211227530,10,54.373188,10.990669
219001262,4,54.396893,11.096549
255801770,5,54.37336,10.988467
211236290,1,54.104619,10.810847
211226940,5,54.373458,10.983955
211214970,3,53.455646,6.83186
265816840,3,55.41081,12.933234
265768840,3,55.41081,12.933234
211409660,5,54.17541,12.120026
636019292,1,59.039814,10.04108
258092000,1,59.039814,10.04108
244180386,1,53.31701,6.946048
211496450,1,53.31701,6.946048
211142620,2,54.371476,13.687731
211694040,2,54.371476,13.687731
244679000,2,54.371553,13.687632
211676590,2,53.54477,9.94793
211293940,2,54.692611,8.573911
211667000,2,53.679944,7.485421
211152000,2,53.679944,7.485421
211166000,2,53.679855,7.485377
219024957,1,53.456845,6.821531
236734000,2,53.456845,6.821531
211846360,3,54.509017,13.635473
211409370,3,54.509318,13.634621
246112000,2,53.33457,6.304442
244737000,2,53.33457,6.304442
244686000,2,53.334747,6.303926
211493040,2,53.344505,7.187636
211283410,4,53.325549,8.48674
211316470,5,53.325385,8.486726
219022000,2,58.358322,11.243004
257095000,1,56.372001,3.262665
259961000,1,56.372001,3.262665
211751880,1,53.350943,7.215666
255806306,1,53.350943,7.215666
258065000,1,58.869179,9.416182
257047700,1,58.869179,9.416182
210056000,1,57.678723,10.590561
261037120,3,53.895688,14.250194
211314850,3,54.512791,13.642907
211217290,2,54.512791,13.642907
211445750,3,54.513392,13.645385
211509880,1,53.485332,9.983369
231887000,2,57.593265,9.974503
257574600,3,57.593265,9.974503
220043000,3,57.594561,9.973062
255805993,4,54.99832,11.880457
265522210,6,57.699,11.667427
265522240,9,57.699,11.667427
265573150,9,57.699321,11.667154
265522220,9,57.699228,11.667247
265514840,8,57.110013,12.244188
265570730,7,57.110013,12.244188
265704020,6,57.110479,12.243515
219016938,3,54.934439,10.834221
210482000,9,54.639788,11.357483
205210000,4,54.637746,11.356829
256204000,1,55.713088,12.620169
353767000,1,54.945003,20.245835
352246000,1,54.945003,20.245835
265012560,2,55.371096,13.145974
265586990,2,55.372397,13.143735
219251000,1,56.209069,10.28928
219001654,1,56.209069,10.28928
219002719,4,55.223411,11.754708
219001514,4,55.223411,11.754708
219384000,5,55.471188,8.428144
219007705,1,55.715192,10.016845
211594540,2,54.062519,9.311233
211388870,2,54.062519,9.311233
211881570,1,54.137774,13.729464
211222960,3,54.730634,8.6902
246342000,3,54.569918,13.109678
211534760,3,54.568549,13.108421
255915000,4,55.461104,8.437736
305305000,2,57.056056,10.047886
265681420,2,56.042424,14.769796
265546970,2,56.042424,14.769796
211186920,3,54.445123,12.583512
211411230,3,54.445123,12.583512
636020868,1,53.500411,9.938002
219011021,23,55.689276,12.62362
219002798,16,55.689296,12.62369
219025528,19,55.689539,12.62423
219001362,17,55.689402,12.623844
219012076,13,55.690618,12.625113
259196000,4,58.074477,11.81496
265686840,4,58.074477,11.81496
231906000,3,58.075278,11.81416
266428000,4,58.073605,11.814511
211533590,5,54.403633,10.217147
211187480,5,54.403395,10.217759
209144000,3,54.177357,7.89098
244170523,7,53.409176,6.210088
235086878,6,53.409274,6.209544
244668000,7,53.409655,6.210134
211647800,1,53.643128,8.083704
265548670,2,57.601622,11.794393
211536860,1,53.519989,9.964522
211512520,1,53.542379,9.981737
246878000,1,55.935037,12.686778
266436000,1,55.935037,12.686778
219019013,5,55.062185,15.135632
219002761,5,55.062185,15.135632
265610860,1,56.101005,15.476349
265501360,1,56.101005,15.476349
246602000,1,56.023774,12.699506
256259000,1,56.023774,12.699506
265576720,2,57.70736,11.958221
265579090,4,57.70736,11.958221
265592200,4,57.707256,11.958531
258012180,3,58.020025,7.478427
211727510,2,54.153518,12.102048
246872000,3,54.155034,12.103091
244770459,2,53.328886,6.93847
211527610,4,53.503255,9.95128
266050000,1,57.732684,11.672163
266145000,1,57.732684,11.672163
265724000,5,58.357275,11.240225
236673000,1,57.598391,11.688515
266199000,1,58.215693,11.415824
219000809,2,54.972624,11.514786
211684520,1,54.972624,11.514786
314628000,3,56.146231,10.218647
304183000,1,57.663945,10.679738
219031124,7,54.357619,13.847951
211777300,1,54.473105,9.043088
244670563,1,53.316855,6.938928
211212210,2,54.472701,9.861932
211210120,2,54.472059,9.860606
219029348,1,55.726601,12.58806
219025421,1,55.726601,12.58806
244150799,3,53.339575,8.496837
314545000,5,53.339575,8.496837
270262000,3,53.337092,8.498149
211287870,6,53.338505,8.496276
219014974,10,56.044973,12.689629
265504660,14,56.044973,12.689629
265504690,11,56.044993,12.689743
352870000,2,53.579864,8.533711
261186487,1,53.894925,14.251316
218797000,2,53.3424,8.493833
245983000,4,53.339962,8.494232
304953000,3,57.049035,10.053753
211456940,5,53.627611,9.525081
211184930,4,53.627611,9.525081
211224270,5,53.627823,9.525486
211529690,2,54.475127,9.840048
211477000,2,54.474704,9.839233
211305130,1,54.233639,13.292193
211305200,1,54.233639,13.292193
211507420,1,53.876859,8.698332
265070230,2,58.112994,11.36638
265732880,2,58.112994,11.36638
265587220,1,58.175145,11.414755
211187040,7,53.888024,9.181788
244780424,4,53.887808,9.180757
211202770,4,53.888003,9.181501
211712640,2,53.496609,9.97782
211486640,2,53.496609,9.97782
275512000,1,53.600639,8.14876
636020532,1,53.600639,8.14876
636093154,1,53.500777,9.938011
246202000,1,53.357945,5.335255
244763000,1,53.357945,5.335255
210568000,1,53.539684,9.913866
245700000,1,53.019103,5.20437
235106183,2,53.019103,5.20437
257555700,2,58.584314,9.025005
257182800,2,58.584314,9.025005
265778450,5,57.645481,11.858238
265797830,13,57.644462,11.858213
211485130,3,53.87813,9.418537
218029270,1,53.87813,9.418537
211546390,3,53.288126,10.488282
211553550,3,53.286625,10.487438
211781030,1,53.505698,9.95103
219005847,3,57.139842,9.126697
219029699,4,57.139842,9.126697
219032671,5,57.139905,9.126749
219004145,3,55.09391,10.237543
211875090,2,54.953409,12.464161
211533370,5,53.960265,10.883449
211546840,5,53.960265,10.883449
219031339,1,55.722021,4.810961
219449000,1,55.722021,4.810961
265816850,1,58.1129,11.366689
219525000,5,57.431781,10.539292
257056880,1,58.246993,8.379055
219022371,2,56.359253,4.265712
219019218,2,56.359253,4.265712
219005059,4,55.735663,12.595823
219829000,3,55.735663,12.595823
219018494,2,56.95863,8.366316
219007457,2,56.95863,8.366316
219005767,2,56.959186,8.36723
210046000,1,56.419821,10.932761
538010662,3,56.419821,10.932761
268249201,1,55.557551,9.741163
246389000,3,54.995997,11.876006
211226140,1,54.044362,11.233618
219458000,1,53.862883,8.723798
352005799,1,57.587879,11.66924
265768860,1,55.756686,12.903452
265705100,1,55.756686,12.903452
353706000,2,53.575205,8.555152
219029726,1,55.732706,4.776282
219029674,1,55.732706,4.776282
257088370,2,56.682586,8.229247
265647200,5,57.940877,11.576608
266066000,2,57.940801,11.578875
266348000,6,57.940868,11.579092
253494000,2,53.457107,6.819801
265522230,3,57.699242,11.667233
244070660,1,53.217976,6.594569
244780420,1,53.217976,6.594569
219737000,1,57.432406,10.544131
211223240,5,54.094251,12.119789
211223210,5,54.094251,12.119789
211225810,5,54.093667,12.120693
232059113,2,56.419249,10.932433
255806186,1,57.055898,10.047524
538011363,2,54.150851,12.110351
636023623,1,57.651713,10.623437
215627000,1,57.695454,10.598209
277523000,3,54.153383,12.110257
244780833,3,53.229136,8.463803
244710911,3,53.229136,8.463803
244476000,3,53.230198,8.463939
305573000,2,57.692081,11.845564
538090596,1,56.029311,12.692947
211116660,1,54.322584,10.152728
219031237,1,54.322584,10.152728
211590150,3,53.856882,8.733432
211517420,3,53.857248,8.733346
211555700,3,53.857032,8.734168
275516000,2,55.490937,9.486822
219029603,1,55.252689,12.373923
219007314,3,55.252689,12.373923
244710149,1,53.303212,6.98036
211118300,4,54.335563,10.155591
218334000,5,54.335563,10.155591
211572830,4,54.335388,10.155227
220582000,1,53.118633,2.098326
220579000,1,53.118633,2.098326
205136000,1,57.05695,10.045068
538090575,2,55.667366,11.097311
266470000,2,55.66696,11.094951
265807390,2,56.659059,16.369366
265071180,3,57.455066,11.915501
266152000,3,57.455066,11.915501
265812160,12,57.240603,12.11199
266169000,12,57.240603,12.11199
266143000,12,57.240517,12.112058
265051120,11,57.24072,12.111873
265732860,15,57.240752,12.111854
265044990,16,57.240859,12.11185
636023944,1,56.02928,12.691237
266466000,1,57.567433,11.67729
304219000,1,53.530214,8.152037
220053927,1,56.167254,10.221829
219025783,1,56.167254,10.221829
636018818,3,56.149632,10.216054
265754460,2,56.427736,12.625185
265568080,2,56.427736,12.625185
319231700,4,55.683114,12.595502
257584000,4,55.460489,8.448964
211513520,2,53.955256,10.869004
218013580,3,53.955256,10.869004
219035215,1,53.456109,6.828819
244660967,2,53.453525,6.828346
231803000,2,58.357477,11.447336
231847000,2,58.357477,11.447336
265549760,1,57.744283,11.641458
265509710,3,57.744283,11.641458
245158000,1,53.174178,5.387662
246516000,1,53.174178,5.387662
218001440,2,53.514041,8.150472
218041380,5,54.368061,10.138649
211806440,5,54.368061,10.138649
211549030,2,54.368071,10.136414
211519720,1,53.510066,9.967381
306483000,2,57.159168,2.292995
255915569,2,57.159168,2.292995
258366000,2,57.160706,2.291834
265820810,1,56.162548,15.579607
255806300,3,58.140057,7.994394
257014000,1,57.152825,1.674469
257058640,1,57.152825,1.674469
211471070,2,53.288392,10.488406
211866190,1,54.660731,10.020453
311027700,1,57.667817,10.668265
219031310,1,56.167023,15.630543
370567000,3,53.57616,8.549252
636022935,2,53.576193,8.549403
246459000,4,53.408815,6.203843
244020081,2,53.180067,5.436829
244650903,2,53.180067,5.436829
244730287,2,53.179662,5.438065
211245130,1,54.662318,11.730396
266425000,1,57.940635,11.573415
244790047,1,54.387211,10.173408
219014427,1,54.387211,10.173408
230613000,1,53.887712,9.178422
211130000,3,54.169499,12.102375
211292150,6,54.169499,12.102375
276872000,2,53.456577,6.822612
211226690,2,53.955965,10.868574
211808740,1,53.95519,10.865917
261182890,1,53.490651,8.496118
246430000,1,53.490651,8.496118
211459410,1,53.395039,10.174417
211754260,1,53.395039,10.174417
227734020,1,54.317182,13.097535
218024690,1,54.317182,13.097535
219027309,1,55.677538,12.646686
218035550,2,54.574191,13.468734
211141560,2,54.574191,13.468734
219164000,1,57.053394,9.956733
257182000,1,54.318103,10.139028
244643000,3,54.424939,13.852864
246272000,1,57.689362,10.739847
246188000,1,54.798667,9.436691
305269000,1,54.798667,9.436691
265650970,8,57.661536,11.841942
265547260,7,57.661536,11.841942
265547240,10,57.661499,11.841887
265547270,9,57.661511,11.842272
265547250,11,57.661472,11.842328
538005730,1,54.067578,6.173336
311034300,1,54.067578,6.173336
211787790,5,54.434495,13.032272
235095776,5,54.434314,13.032414
305445000,1,55.961628,12.013542
265611640,1,57.707426,18.810385
246279000,1,57.707426,18.810385
219028116,1,54.336755,10.167913
211515990,1,54.336755,10.167913
636021012,2,53.573799,8.539354
219000177,1,55.688557,12.604194
250002286,1,56.0081,12.710223
314632000,1,56.0081,12.710223
265527920,2,57.74427,11.641446
265522730,1,55.993258,12.744432
265754450,1,55.993258,12.744432
211840340,3,54.170874,12.105597
244690849,1,53.018152,5.207825
261053080,1,55.455145,18.159927
261535000,1,55.455145,18.159927
229678000,2,53.53273,9.959411
210549000,1,53.53273,9.959411
218008830,4,53.630327,8.129259
636023851,3,53.630327,8.129259
205423000,3,53.63019,8.128884
255806188,1,53.846551,8.753721
209916000,1,58.346581,11.902352
538005792,1,58.346581,11.902352
218054320,2,54.329398,10.175085
211288300,2,54.329398,10.175085
