mmsi,gap_start_ts,gap_end_ts,gap_hours,implied_speed_knots,start_lat,start_lon,end_lat,end_lon,distance_nm
211205970,1755089706.0,1755115387.0,7.134,7.11,54.279058,7.93382,53.519515,8.559293,50.687
255999000,1755043202.0,1755069061.0,7.183,5.27,53.847328,3.314273,54.406277,2.816787,37.85
354211000,1755096432.0,1755112142.0,4.364,12.53,55.906413,17.631448,56.439187,18.9577,54.663
248219000,1755159893.0,1755190548.0,8.515,1.32,55.009537,17.178023,54.993193,17.502775,11.226
266460000,1755142926.0,1755184147.0,11.45,1.01,54.6388,5.1898,54.701652,5.504968,11.575
219034486,1755156517.0,1755180078.0,6.545,7.22,54.031125,7.55074,53.61343,6.421383,47.233
304354000,1755092010.0,1755109132.0,4.756,2.92,53.852913,9.31026,53.653665,9.509373,13.895
636018560,1755158977.0,1755180670.0,6.026,13.97,55.406123,7.372762,54.009,7.585667,84.208
636018560,1755183995.0,1755202352.0,5.099,5.82,53.873167,7.823833,53.596833,8.516833,29.682
211141000,1755074421.0,1755105693.0,8.687,5.92,53.59017,8.524333,54.259553,7.615707,51.45
305654000,1755085982.0,1755112867.0,7.468,6.23,54.159147,9.393817,54.008365,8.097237,46.553
211484000,1755090130.0,1755133510.0,12.05,1.02,53.427553,6.961403,53.561578,6.699807,12.331
235111522,1755091927.0,1755112064.0,5.594,3.16,54.438033,7.667833,54.174967,7.8955,17.694
244049000,1755054715.0,1755069479.0,4.101,2.13,52.861842,4.607328,52.96933,4.769225,8.718
636009548,1755071821.0,1755106327.0,9.585,6.89,53.88758,9.17986,53.975747,7.317088,66.057
236750000,1755071099.0,1755134616.0,17.644,1.91,53.338513,7.203417,53.671678,6.441707,33.763
236750000,1755146721.0,1755178376.0,8.793,3.11,54.44341,6.75368,54.02488,6.447907,27.324
211517490,1755072377.0,1755200931.0,35.709,1.05,53.153823,8.288348,52.868548,9.211752,37.497
211876190,1755062638.0,1755116487.0,14.958,3.63,53.1227,8.73225,53.874388,7.888933,54.258
245279000,1755057801.0,1755110801.0,14.722,10.59,56.370202,17.023687,58.71022,19.121195,155.89
211470030,1755149387.0,1755172075.0,6.302,3.29,53.657597,6.513357,53.999257,6.596135,20.722
211163700,1755075114.0,1755122650.0,13.204,1.95,53.818955,9.361228,53.524888,9.889822,25.792
205128000,1755145573.0,1755190143.0,12.381,1.35,56.006273,5.596342,55.728758,5.555715,16.718
215908000,1755156018.0,1755175502.0,5.412,4.76,53.494565,14.620072,53.87236,14.275845,25.775
259495000,1755118490.0,1755136693.0,5.056,22.52,55.174205,20.844098,54.958785,17.552495,113.893
265820920,1755104430.0,1755148046.0,12.116,2.24,58.312913,11.334772,58.756755,11.17833,27.096
244075000,1755140226.0,1755189447.0,13.672,2.42,54.511228,6.186952,54.014477,5.781242,33.045
441046000,1755049026.0,1755101933.0,14.696,4.28,52.825445,3.197315,51.781053,3.323,62.875
205306000,1755074765.0,1755121439.0,12.965,4.13,52.958697,4.777493,53.423218,3.50553,53.585
211576900,1755158206.0,1755172727.0,4.034,1.16,53.537108,8.580568,53.478907,8.493248,4.683
219034000,1755048339.0,1755063749.0,4.281,6.89,51.97285,3.999067,52.4603,3.897417,29.505
232044985,1755058647.0,1755079585.0,5.816,9.65,52.911748,1.95662,53.448177,0.679297,56.121
211550000,1755079833.0,1755133053.0,14.783,1.63,53.903612,8.078563,53.782447,7.429332,24.121
259042170,1755087403.0,1755103492.0,4.469,1.46,53.25102,3.824545,53.176865,3.957422,6.53
235005770,1755089394.0,1755114153.0,6.878,1.6,53.912972,3.85816,54.054568,3.659137,11.029
255915667,1755064064.0,1755179012.0,31.93,1.79,54.539145,18.796762,54.908873,17.274357,57.264
244006000,1755169270.0,1755201013.0,8.818,9.46,54.982312,17.58908,54.957268,20.008828,83.403
538010499,1755091458.0,1755120427.0,8.047,11.69,53.148078,4.488247,53.828268,6.860142,94.054
232054276,1755081771.0,1755147370.0,18.222,11.33,53.550237,0.38996,53.60989,6.184908,206.54
248167000,1755156862.0,1755192672.0,9.947,11.28,55.593292,5.777008,57.325868,7.042622,112.173
538005405,1755127829.0,1755147399.0,5.436,13.0,58.106053,2.687382,57.910327,4.877595,70.65
219103000,1755119820.0,1755149333.0,8.198,6.88,56.921513,11.853892,56.01949,11.376352,56.426
236729000,1755149959.0,1755170618.0,5.739,10.16,56.01079,6.346357,55.040542,6.421558,58.31
563170800,1755121657.0,1755207416.0,23.822,5.62,55.079177,-1.341643,55.38787,2.528523,133.775
244321000,1755132345.0,1755163991.0,8.791,8.29,57.3827,20.435637,56.8559,18.419903,72.917
538006783,1755150438.0,1755166537.0,4.472,11.71,53.647308,5.830693,53.87134,7.256808,52.375
305066000,1755194844.0,1755209745.0,4.139,12.15,54.72059,5.159765,55.414792,5.977645,50.277
219945000,1755049416.0,1755107024.0,16.002,2.73,58.3995,10.971033,59.105267,10.632033,43.67
246498000,1755117993.0,1755136004.0,5.003,10.59,54.794987,16.717745,54.882423,18.24315,53.002
246498000,1755146300.0,1755202916.0,15.727,3.08,54.65599,18.924865,54.932243,17.610932,48.41
246539000,1755168540.0,1755196093.0,7.654,1.43,53.504458,9.957723,53.569112,9.671345,10.931
245782000,1755082044.0,1755109254.0,7.558,1.48,53.875278,9.133615,53.78532,9.410823,11.21
244188000,1755080920.0,1755109484.0,7.934,3.27,53.915155,7.970135,54.296807,8.316107,25.95
257081000,1755081155.0,1755121602.0,11.235,2.27,53.772323,9.391855,53.509807,9.954117,25.475
218056580,1755099266.0,1755132740.0,9.298,4.88,57.09276,7.724712,57.722435,6.948698,45.377
219837000,1755155411.0,1755190515.0,9.751,1.3,56.820693,6.80522,56.890815,7.170368,12.705
210067000,1755149851.0,1755181059.0,8.669,2.67,53.8703,6.747222,53.649587,6.211962,23.164
311062900,1755061527.0,1755078389.0,4.684,1.77,53.629208,-0.139702,53.740428,-0.278192,8.297
220449000,1755070657.0,1755106000.0,9.818,3.21,52.462335,4.584803,52.751157,3.861505,31.563
244660151,1755048827.0,1755074029.0,7.001,4.04,52.415568,4.856448,52.798447,5.307628,28.268
244016000,1755169668.0,1755191299.0,6.009,13.86,54.983165,17.589693,54.954783,20.005377,83.268
219017151,1755049915.0,1755074776.0,6.906,7.72,54.903712,19.175188,55.073727,17.656123,53.313
305389000,1755088421.0,1755107661.0,5.344,1.14,53.241645,3.846662,53.173763,3.972028,6.077
218055710,1755055619.0,1755077853.0,6.176,6.18,53.228945,1.236987,53.606437,0.379292,38.152
211294100,1755162544.0,1755176945.0,4.0,4.87,54.078633,8.31885,54.1275,8.865583,19.469
265871000,1755068219.0,1755104435.0,10.06,2.73,57.51863,17.511468,57.2811,16.78771,27.414
257768000,1755171133.0,1755192689.0,5.988,12.24,55.102177,17.80986,54.884423,19.903195,73.275
256096000,1755089658.0,1755120298.0,8.511,10.2,53.349367,4.674867,53.833717,6.9704,86.815
212597000,1755079679.0,1755097614.0,4.982,12.28,52.911817,1.471653,52.356715,2.879855,61.185
376532000,1755078774.0,1755115233.0,10.127,8.33,54.262363,-0.221078,55.486315,-1.42079,84.365
636016434,1755093671.0,1755110562.0,4.692,16.56,56.222425,19.525282,55.163937,20.845888,77.689
636016434,1755110986.0,1755152897.0,11.642,3.98,55.721278,21.102107,55.08006,20.346303,46.326
255915978,1755146217.0,1755167297.0,5.856,11.93,54.884405,5.44183,55.859608,6.557445,69.834
563256400,1755136921.0,1755153090.0,4.491,27.23,55.100808,20.87187,56.99469,19.530288,122.279
261185230,1755142781.0,1755207343.0,17.934,1.66,53.440198,14.589648,53.895152,14.251052,29.853
211467420,1755161551.0,1755198198.0,10.18,3.84,53.141315,8.245912,52.814197,9.179395,39.046
314584000,1755157662.0,1755186740.0,8.077,3.09,53.41167,14.597833,53.800497,14.349167,24.97
219001265,1755106790.0,1755133938.0,7.541,1.0,55.464697,8.328815,55.344897,8.397907,7.569
219592000,1755155560.0,1755197402.0,11.623,4.51,59.832993,10.598515,58.960385,10.61357,52.394
257637000,1755076979.0,1755116099.0,10.867,1.73,53.568177,8.545002,53.783415,8.159607,18.838
257637000,1755152967.0,1755175988.0,6.395,1.78,54.468475,6.685153,54.53451,6.379723,11.363
219551000,1755106431.0,1755166777.0,16.763,16.74,53.637817,-0.19904,55.348707,7.29711,280.683
244090000,1755087246.0,1755142826.0,15.439,1.19,53.505803,5.65912,53.538523,6.169497,18.323
218805000,1755046056.0,1755203883.0,43.841,1.29,59.210948,10.635018,58.285017,10.985708,56.656
219867000,1755048908.0,1755076348.0,7.622,4.67,57.112952,7.597762,57.202768,6.516652,35.613
211587000,1755146937.0,1755192868.0,12.759,1.93,53.516437,6.681035,53.316753,7.281552,24.607
265034000,1755077566.0,1755187068.0,30.417,2.21,57.159948,5.370265,57.358428,7.402965,67.071
258059000,1755076206.0,1755190656.0,31.792,2.5,53.092752,5.2981,54.411493,5.46394,79.396
246180000,1755086186.0,1755105536.0,5.375,5.44,54.0366,8.192348,53.8459,8.953523,29.236
235092103,1755148080.0,1755178274.0,8.387,1.41,53.55702,6.7481,53.691782,6.505422,11.838
232040984,1755095873.0,1755136411.0,11.261,1.8,53.915333,6.868507,53.625377,7.16074,20.264
266180000,1755100908.0,1755117929.0,4.728,1.4,58.252657,11.179677,58.35782,11.24069,6.601
232053942,1755133886.0,1755149171.0,4.246,1.35,53.562735,6.750398,53.595768,6.599765,5.724
232053942,1755149655.0,1755172830.0,6.438,4.28,53.631185,6.522537,54.089778,6.504853,27.541
232027488,1755066846.0,1755178290.0,30.957,1.66,53.339023,7.196165,54.088285,6.498947,51.356
255915664,1755044307.0,1755069548.0,7.011,8.49,51.838377,1.996612,51.930457,3.596,59.529
244710626,1755053214.0,1755070512.0,4.805,5.29,53.129787,5.883582,52.750613,5.572543,25.396
218040340,1755078471.0,1755136111.0,16.011,1.56,53.82444,8.146265,53.67963,7.485933,25.003
235108495,1755153994.0,1755171571.0,4.883,1.19,54.015292,6.915063,54.104698,6.979757,5.832
256617000,1755050063.0,1755099103.0,13.622,11.95,58.02672,4.58877,58.60942,-0.452442,162.729
210546000,1755066511.0,1755139954.0,20.401,1.14,57.486595,17.066143,57.266772,16.477338,23.182
210546000,1755152734.0,1755178572.0,7.177,4.16,57.266758,16.477343,57.295543,17.395953,29.861
246068000,1755111755.0,1755128428.0,4.631,1.22,54.358825,6.490098,54.394455,6.63919,5.636
246068000,1755128428.0,1755190844.0,17.338,1.1,54.394455,6.63919,54.131635,6.337492,18.998
211366340,1755079569.0,1755112786.0,9.227,2.99,53.900672,9.158315,53.56733,9.693473,27.601
236306000,1755058554.0,1755076196.0,4.901,1.49,53.561663,0.0537,53.622995,-0.122857,7.29
314438000,1755157525.0,1755201003.0,12.077,1.93,53.411373,14.599608,53.777323,14.380435,23.319
309374000,1755161057.0,1755191656.0,8.5,2.96,53.538117,9.994648,53.765137,9.39993,25.173
636093141,1755088908.0,1755103784.0,4.132,3.37,52.21285,3.637533,52.02235,3.853917,13.945
212963000,1755110801.0,1755187758.0,21.377,5.21,55.411645,20.638647,54.919845,17.50534,111.43
319231600,1755140742.0,1755163572.0,6.342,13.29,56.637178,1.318537,55.792075,3.335447,84.31
211162610,1755178856.0,1755201724.0,6.352,3.72,53.785283,9.4104,53.529933,9.9168,23.658
308918000,1755153120.0,1755168390.0,4.242,10.52,57.58755,4.225633,56.846255,4.316057,44.605
211861000,1755179466.0,1755197606.0,5.039,1.12,54.11867,8.7011,54.123642,8.861335,5.646
209056000,1755088172.0,1755116238.0,7.796,3.85,53.908695,9.171897,53.588425,8.523687,29.99
235054097,1755043861.0,1755060860.0,4.722,6.41,54.226338,0.712417,53.799647,0.25621,30.255
220464000,1755108485.0,1755179808.0,19.812,8.21,53.72903,0.573308,55.316112,4.357808,162.664
219001181,1755072582.0,1755095202.0,6.283,2.71,56.295225,7.405163,56.040097,7.625912,17.003
219001181,1755095209.0,1755126711.0,8.751,1.79,56.040085,7.626065,56.267332,7.397723,15.635
211113790,1755080819.0,1755118069.0,10.347,2.26,53.973667,8.488833,53.851667,7.861167,23.375
255705000,1755152626.0,1755179345.0,7.422,13.21,58.051465,20.281698,59.288375,22.332138,98.036
210178000,1755152368.0,1755172626.0,5.627,3.12,53.338647,7.200155,53.50489,6.79623,17.564
477871600,1755116488.0,1755132182.0,4.359,6.28,54.66189,19.731028,54.51183,18.988317,27.366
352004196,1755149998.0,1755176878.0,7.467,12.26,56.778105,7.099472,55.437207,5.799327,91.519
236112832,1755078465.0,1755137465.0,16.389,1.86,53.456725,6.828202,53.84102,6.268275,30.487
211445220,1755086929.0,1755107847.0,5.811,1.77,54.170218,9.434,54.018112,9.299183,10.293
232020276,1755089612.0,1755104698.0,4.191,1.58,53.598248,6.583338,53.704115,6.532657,6.607
232020276,1755149319.0,1755170668.0,5.93,1.74,54.902537,6.812775,55.01768,6.590538,10.319
636090862,1755078159.0,1755136074.0,16.087,2.06,53.880112,9.207093,53.52596,9.924262,33.194
636090862,1755163616.0,1755192582.0,8.046,4.75,53.525967,9.924163,53.854185,9.003622,38.203
257076850,1755121593.0,1755145220.0,6.563,3.86,57.964023,12.122653,58.374523,12.308658,25.341
355351000,1755076233.0,1755111925.0,9.914,1.8,53.527482,8.14941,53.80775,7.979192,17.884
245895000,1755081356.0,1755130541.0,13.662,1.25,53.756407,8.30079,53.525068,8.577932,17.036
247226900,1755081732.0,1755098443.0,4.642,1.02,52.3675,2.1405,52.294167,2.0925,4.742
211222800,1755182945.0,1755203915.0,5.825,2.64,53.98896,8.308207,53.876953,8.698615,15.351
212810000,1755147382.0,1755174503.0,7.534,9.5,53.61644,6.45101,54.793768,6.76595,71.547
211112160,1755176378.0,1755193787.0,4.836,1.05,53.526857,8.579233,53.599528,8.506318,5.079
244750018,1755074868.0,1755106789.0,8.867,2.61,53.247272,6.296532,53.441645,6.855242,23.179
211254620,1755072598.0,1755123488.0,14.136,2.49,53.85611,8.723035,54.178822,7.889692,35.208
247353800,1755168188.0,1755192228.0,6.678,2.4,53.530583,9.960508,53.625708,9.539482,16.058
246881000,1755051899.0,1755104193.0,14.526,3.53,52.49688,2.621958,51.90194,3.622782,51.306
314455000,1755158675.0,1755192766.0,9.47,1.47,53.401883,14.607117,53.632368,14.575018,13.886
231114000,1755095447.0,1755144128.0,13.523,1.09,58.88934,9.732737,59.11975,9.571728,14.702
244830399,1755060810.0,1755102170.0,11.489,1.64,52.735548,1.789672,53.00339,1.520287,18.813
205011000,1755058864.0,1755076116.0,4.792,1.73,53.557987,0.138945,53.607753,-0.078268,8.299
244180000,1755064567.0,1755104175.0,11.002,1.11,53.601597,-0.027333,53.738787,-0.280188,12.196
261183880,1755079775.0,1755103803.0,6.674,1.31,53.720442,14.470863,53.837647,14.616845,8.737
232059393,1755166708.0,1755192659.0,7.209,10.53,55.124808,17.732242,54.881838,19.895172,75.892
245256000,1755110557.0,1755134773.0,6.727,3.57,55.011033,18.441667,54.71345,18.905183,23.995
245256000,1755159960.0,1755200869.0,11.364,3.58,55.514033,17.588133,55.02585,18.410567,40.626
219030885,1755144025.0,1755165493.0,5.963,4.81,54.786487,19.132622,54.95073,18.353833,28.657
353934000,1755091662.0,1755198271.0,29.614,5.64,51.88511,3.260477,54.113062,6.026562,166.957
244915000,1755147295.0,1755164919.0,4.896,13.47,55.902832,5.489105,56.171763,7.395035,65.934
311064500,1755112986.0,1755171112.0,16.146,6.4,52.054752,3.89591,53.530065,5.359528,103.29
304829000,1755155593.0,1755181593.0,7.222,12.58,57.903322,5.324122,56.428682,5.949712,90.849
235011640,1755075872.0,1755113392.0,10.422,10.39,56.464218,2.181732,57.000868,-0.957572,108.286
219023588,1755102255.0,1755121140.0,5.246,1.57,57.683148,9.003878,57.617943,8.778767,8.224
244859000,1755068006.0,1755137533.0,19.313,2.36,58.648727,9.642755,59.22014,10.614252,45.639
341852000,1755081485.0,1755119275.0,10.497,2.31,53.779637,8.14572,53.432755,8.4918,24.202
245262000,1755079475.0,1755111314.0,8.844,1.19,54.077015,8.317247,54.249573,8.37582,10.563
245572000,1755079012.0,1755106642.0,7.675,2.02,53.993365,8.556485,54.23026,8.381087,15.505
259218000,1755126968.0,1755181936.0,15.269,5.72,54.971995,-0.063523,54.968598,2.470373,87.322
211474300,1755071122.0,1755134801.0,17.689,1.4,53.483228,8.489417,53.104642,8.762488,24.753
211474300,1755143940.0,1755200510.0,15.714,1.78,53.103283,8.764125,52.714347,9.19152,28.014
246649000,1755076135.0,1755115039.0,10.807,3.61,53.355762,8.497535,53.884043,7.857927,39.049
255915732,1755086629.0,1755114236.0,7.669,3.42,54.067268,8.115222,53.845913,8.754455,26.203
257431000,1755080041.0,1755094507.0,4.018,2.92,52.96128,4.778483,52.975643,4.455203,11.721
257431000,1755145218.0,1755210872.0,18.237,1.86,55.286653,3.762273,54.944563,4.55092,33.988
232033197,1755094611.0,1755121889.0,7.577,1.93,54.371287,7.646398,54.174898,7.894717,14.657
212613000,1755069062.0,1755107439.0,10.66,3.25,53.53255,9.90762,53.89443,9.146798,34.683
211239160,1755044970.0,1755093091.0,13.367,1.08,54.51,9.571667,54.628333,9.933333,14.455
211239160,1755166897.0,1755184895.0,4.999,2.83,54.573333,10.183333,54.338333,10.158333,14.136
245014000,1755093165.0,1755116121.0,6.377,7.71,53.885613,7.449623,53.353897,8.499618,49.166
249240000,1755068927.0,1755090210.0,5.912,2.28,53.568972,0.103062,53.669767,-0.234733,13.466
245449000,1755075330.0,1755141426.0,18.36,1.41,53.890738,7.934715,53.768182,7.236347,25.818
211544700,1755160402.0,1755189890.0,8.191,1.21,53.49956,8.581667,53.34229,8.498023,9.905
261182619,1755082193.0,1755152578.0,19.551,1.48,53.883638,14.265853,53.442625,14.596395,28.972
211314800,1755077419.0,1755118059.0,11.289,1.35,54.125288,8.859677,53.891085,8.694922,15.216
257813000,1755088637.0,1755103737.0,4.194,10.29,57.442992,5.510248,56.74703,5.8434,43.176
265036410,1755110251.0,1755127155.0,4.696,1.22,58.27455,11.265348,58.336733,11.40336,5.735
311000766,1755137859.0,1755153030.0,4.214,11.48,55.611215,1.921918,56.008433,3.168865,48.36
232050438,1755125766.0,1755191496.0,18.258,3.6,54.926862,0.410163,54.820203,2.301263,65.642
261061000,1755160370.0,1755201792.0,11.506,1.62,55.164443,20.497812,55.473287,20.533407,18.583
255916179,1755105352.0,1755177611.0,20.072,9.18,52.28493,3.871993,55.264592,5.107505,184.185
636024691,1755125713.0,1755171303.0,12.664,6.47,56.524618,20.768867,55.160982,20.851088,81.92
246770000,1755145690.0,1755171645.0,7.21,14.87,55.399277,5.903623,56.96353,7.44997,107.189
212112000,1755058415.0,1755084974.0,7.378,18.03,55.830015,17.170355,56.532537,20.946918,133.041
212112000,1755085773.0,1755106463.0,5.747,3.61,56.52734,20.991515,56.43201,20.389552,20.763
211290740,1755180368.0,1755195364.0,4.166,1.18,53.481823,8.493617,53.553265,8.561,4.918
257048880,1755072706.0,1755099645.0,7.483,10.27,56.018575,16.610117,57.177578,17.598498,76.872
219030955,1755139697.0,1755174757.0,9.739,3.65,54.60485,5.281717,54.878133,6.190383,35.511
232026951,1755087998.0,1755123796.0,9.944,2.02,53.822287,7.912628,53.517413,8.146338,20.104
211181000,1755083709.0,1755119940.0,10.064,1.8,53.80159,7.63341,53.754503,7.128702,18.128
211181000,1755156979.0,1755179041.0,6.128,1.08,53.781282,7.578247,53.700055,7.703322,6.596
511101271,1755087471.0,1755104221.0,4.653,7.54,53.3582,4.530067,52.91235,3.900133,35.091
211135190,1755179694.0,1755209764.0,8.353,4.87,53.843498,8.934162,53.545172,9.961413,40.674
211105740,1755168071.0,1755198936.0,8.574,1.89,53.735763,9.432865,53.559618,9.777847,16.204
275472000,1755087542.0,1755102152.0,4.058,10.5,53.930755,7.69473,53.84013,8.888987,42.611
209467000,1755053099.0,1755070638.0,4.872,6.1,52.445097,3.450443,51.956572,3.320457,29.719
209467000,1755070638.0,1755101499.0,8.572,1.06,51.956572,3.320457,51.8052,3.32971,9.095
244437000,1755090741.0,1755109172.0,5.12,8.25,53.892208,7.428018,53.953195,8.618677,42.256
211533570,1755093229.0,1755123735.0,8.474,1.05,54.353602,12.475993,54.431813,12.691543,8.878
211533570,1755166624.0,1755185726.0,5.306,1.48,54.33884,12.431718,54.399825,12.629617,7.831
244345000,1755054218.0,1755107135.0,14.699,3.95,52.953472,4.781,53.292227,3.269818,58.122
305955000,1755172232.0,1755192931.0,5.75,6.8,53.099983,8.741523,53.702908,8.328515,39.102
244870428,1755054142.0,1755102187.0,13.346,4.16,52.744877,3.664527,51.835612,3.391193,55.508
244086000,1755079454.0,1755114243.0,9.664,1.67,53.188228,5.331087,53.311285,4.932732,16.105
232027489,1755095543.0,1755116466.0,5.812,2.34,54.391508,7.782452,54.1749,7.895495,13.595
211214960,1755097641.0,1755132550.0,9.697,2.16,53.552605,6.719465,53.342613,7.185872,20.907
211214960,1755155442.0,1755182143.0,7.417,1.02,53.458888,6.873242,53.563765,6.75644,7.553
232005627,1755097892.0,1755112910.0,4.172,3.75,54.425433,7.774028,54.174785,7.894188,15.627
266159000,1755099560.0,1755124057.0,6.805,1.03,58.451043,11.11839,58.349588,11.226452,6.976
255915627,1755060895.0,1755110796.0,13.861,9.59,56.942492,17.43874,58.892222,19.416607,132.96
235114973,1755089032.0,1755137221.0,13.386,1.47,53.674572,6.431945,53.444852,6.824747,19.659
247452300,1755147046.0,1755172377.0,7.036,2.7,53.937078,5.586408,53.702378,5.944575,18.966
244730941,1755056692.0,1755072962.0,4.519,3.39,53.09512,5.845672,52.859677,5.681125,15.337
265052000,1755054977.0,1755115281.0,16.751,4.14,57.047692,17.90137,58.201615,17.811238,69.343
265052000,1755165563.0,1755209446.0,12.19,4.21,55.098753,18.773648,55.918148,18.347665,51.284
211787750,1755080444.0,1755171806.0,25.378,1.17,54.171667,8.128333,53.851667,8.768333,29.648
244000693,1755074207.0,1755134946.0,16.872,2.09,53.191445,6.019043,53.303142,6.980792,35.196
232037112,1755079522.0,1755104445.0,6.923,1.22,54.028023,3.607272,54.045482,3.8455,8.465
210340000,1755093266.0,1755211925.0,32.961,1.03,54.97004,18.97062,55.53263,18.846445,34.044
538004034,1755112521.0,1755177101.0,17.939,9.79,52.038957,3.901418,54.828158,5.37628,175.567
275144000,1755152014.0,1755172674.0,5.739,9.04,56.994537,6.068053,56.135417,6.234113,51.874
249706000,1755140341.0,1755208621.0,18.967,9.03,56.603653,2.450027,57.464087,7.45099,171.311
246544000,1755128834.0,1755167123.0,10.636,2.27,57.84356,18.799843,57.678165,18.114267,24.099
244830834,1755153869.0,1755180343.0,7.354,11.44,58.606198,18.931902,57.385813,17.634193,84.103
255915954,1755177605.0,1755208041.0,8.454,1.56,53.288522,8.489068,53.122108,8.72977,13.22
219731000,1755058821.0,1755124019.0,18.111,11.3,57.899987,6.79966,58.978433,0.616818,204.714
205520000,1755082278.0,1755101497.0,5.339,1.27,53.875373,9.242897,53.797562,9.381183,6.77
305299000,1755086323.0,1755105868.0,5.429,8.36,53.926073,9.201543,54.02437,7.927083,45.388
219028554,1755084053.0,1755108722.0,6.853,6.27,53.976312,9.270122,54.028552,8.055478,42.977
245306000,1755080673.0,1755105066.0,6.776,2.83,53.896223,9.150267,54.169557,9.433033,19.203
219329000,1755149306.0,1755181977.0,9.075,1.26,55.072977,6.23368,54.92721,6.447405,11.435
246404000,1755071970.0,1755097888.0,7.199,13.64,52.845175,4.5852,51.734957,2.622345,98.175
246404000,1755097888.0,1755115714.0,4.952,11.88,51.734957,2.622345,52.662245,3.137375,58.812
244613000,1755075392.0,1755109685.0,9.526,5.43,53.91271,9.182377,54.022785,7.729687,51.729
636016601,1755180420.0,1755205348.0,6.924,3.33,53.491077,8.501017,53.123382,8.685957,23.052
211324790,1755088092.0,1755118207.0,8.365,3.83,54.31563,9.712142,53.896505,9.147772,32.061
255915000,1755091245.0,1755116366.0,6.978,10.02,55.425108,7.815688,56.587607,7.691473,69.921
211158400,1755096193.0,1755129672.0,9.3,1.87,53.873063,6.908008,53.62497,7.162432,17.42
413527080,1755076745.0,1755126333.0,13.774,2.38,53.319735,6.966227,53.783508,6.48301,32.748
246399000,1755201024.0,1755215953.0,4.147,8.85,53.868633,6.682117,53.688517,5.693,36.72
636021056,1755071932.0,1755111057.0,10.868,1.25,53.597678,9.59247,53.501677,9.937787,13.6
636021056,1755162541.0,1755188482.0,7.206,2.35,53.501578,9.937842,53.6404,9.52522,16.908
245136000,1755086664.0,1755120004.0,9.261,4.84,54.101833,9.3295,54.122667,8.0565,44.821
259961000,1755044704.0,1755063672.0,5.269,10.63,57.585688,4.281867,56.742765,3.544025,56.02
244836000,1755148428.0,1755183130.0,9.639,1.27,54.349353,6.605322,54.19475,6.379012,12.211
311852000,1755047899.0,1755105598.0,16.027,6.31,56.283473,18.152615,54.661633,18.958067,101.158
311852000,1755157539.0,1755191741.0,9.501,1.54,58.425717,18.012103,58.668727,18.041758,14.62
212228000,1755065406.0,1755109747.0,12.317,3.55,53.504033,8.5098,54.0167,7.632817,43.776
211176000,1755050026.0,1755067558.0,4.87,3.37,53.951318,8.211878,53.841145,7.787432,16.409
211207100,1755178237.0,1755199350.0,5.865,3.26,53.719742,9.467525,53.535872,9.905548,19.108
245345000,1755164907.0,1755194026.0,8.089,2.48,53.854883,8.721237,54.020768,8.22837,20.066
211217760,1755096864.0,1755117445.0,5.717,1.19,54.335358,6.94797,54.222018,6.953497,6.808
211217760,1755149455.0,1755171305.0,6.069,1.26,54.220613,6.850423,54.262123,7.05634,7.643
257079000,1755053667.0,1755079805.0,7.261,2.08,57.374913,5.790343,57.329342,6.249422,15.119
257079000,1755091163.0,1755132107.0,11.373,2.66,57.271717,6.378047,57.702945,6.865537,30.296
235089046,1755079892.0,1755099664.0,5.492,3.26,53.803397,9.377073,54.09987,9.329547,17.879
232054785,1755110164.0,1755130503.0,5.65,8.75,54.022697,4.917012,54.132443,6.307298,49.413
232054785,1755155014.0,1755170425.0,4.281,1.22,54.104742,7.002728,54.043768,7.108757,5.23
211647900,1755094860.0,1755139350.0,12.358,1.14,54.395002,7.740555,54.177917,7.889495,14.04
275510000,1755130296.0,1755185946.0,15.458,5.9,53.969677,3.17625,53.942457,5.758445,91.234
636092156,1755138634.0,1755192544.0,14.975,1.55,55.609017,1.780522,55.791603,2.385272,23.213
220489000,1755068814.0,1755092518.0,6.584,1.5,54.950053,-1.173843,54.990985,-1.451132,9.867
235075328,1755080187.0,1755102317.0,6.147,5.09,54.093973,-0.103215,53.600248,0.177202,31.263
664444000,1755129586.0,1755146825.0,4.789,31.28,55.0223,18.528393,55.217113,14.177823,149.809
256565000,1755136111.0,1755170171.0,9.461,9.44,54.057045,5.117137,55.286227,6.564747,89.285
373454000,1755129912.0,1755151953.0,6.122,11.46,58.287708,3.062343,58.223385,5.280782,70.182
266444000,1755098203.0,1755155432.0,15.897,4.68,57.64081,18.25443,58.874538,18.034047,74.4
266444000,1755173403.0,1755196213.0,6.336,11.09,57.662233,18.246752,58.828403,18.062593,70.259
563218400,1755134509.0,1755157848.0,6.483,12.11,54.007098,5.088455,55.271145,5.669082,78.529
235101811,1755120821.0,1755143209.0,6.219,8.61,57.0477,-1.186213,56.844252,0.40495,53.518
258915000,1755161332.0,1755180391.0,5.294,12.92,56.87192,7.232137,55.963407,5.990423,68.379
258915000,1755195972.0,1755211043.0,4.186,12.8,55.107963,5.458688,54.329765,4.702128,53.585
261182694,1755164437.0,1755195788.0,8.709,2.82,53.108828,8.754655,53.486615,8.492403,24.557
305167000,1755152298.0,1755179818.0,7.644,3.07,57.501483,19.457333,57.18745,19.026753,23.454
636093288,1755152129.0,1755169039.0,4.697,11.72,57.741092,20.07686,56.915502,19.336997,55.064
211625000,1755174461.0,1755201300.0,7.455,1.66,53.952725,8.67406,54.127467,8.862103,12.411
244036000,1755071981.0,1755099076.0,7.526,11.52,56.214933,16.952,57.576833,17.8324,86.714
352001928,1755148980.0,1755166941.0,4.989,1.07,54.424293,16.396967,54.485942,16.287743,5.314
246924000,1755097406.0,1755145143.0,13.26,1.27,53.709207,14.472092,53.435607,14.58137,16.883
246924000,1755146103.0,1755176911.0,8.558,1.98,53.435563,14.581387,53.709513,14.472028,16.904
244704000,1755114216.0,1755132836.0,5.172,9.25,54.317222,6.400155,53.54088,6.707895,47.865
218413000,1755080755.0,1755109601.0,8.013,4.77,53.868485,8.709965,53.932698,7.635903,38.19
257969000,1755119159.0,1755144039.0,6.911,4.11,57.93172,5.933758,58.4039,5.98968,28.405
245914000,1755135438.0,1755186545.0,14.196,1.09,53.658038,6.512563,53.542522,6.126223,15.413
211332370,1755080815.0,1755108859.0,7.79,1.18,53.96619,8.519495,53.86228,8.709353,9.165
352870000,1755074830.0,1755101831.0,7.5,3.01,53.539908,9.906923,53.764787,9.399478,22.547
244189000,1755085771.0,1755102830.0,4.739,4.89,54.126025,9.32918,53.84703,8.875752,23.169
304374000,1755081077.0,1755111748.0,8.52,1.94,53.639667,9.523667,53.5335,9.951333,16.521
244660447,1755054423.0,1755076783.0,6.211,3.62,52.916337,5.69799,52.56521,5.911143,22.461
275512000,1755080202.0,1755117236.0,10.287,1.29,53.822535,8.169128,53.601523,8.147153,13.293
210568000,1755082335.0,1755123068.0,11.315,4.05,53.8579,8.741072,53.539707,9.912763,45.821
210568000,1755150805.0,1755178394.0,7.664,1.32,53.539705,9.912752,53.576838,9.63621,10.112
209764000,1755044725.0,1755107818.0,17.526,3.26,55.826552,18.280742,55.762013,19.971785,57.207
211895440,1755150808.0,1755184008.0,9.222,2.68,53.83375,7.948583,53.89535,7.257433,24.748
209892000,1755061313.0,1755125817.0,17.918,1.68,53.337135,8.494307,53.79365,8.145613,30.098
211283410,1755170957.0,1755194748.0,6.609,1.32,53.240115,8.48078,53.13173,8.641638,8.709
211485130,1755069135.0,1755124862.0,15.48,2.18,53.567105,9.671035,53.287188,10.488053,33.716
232054448,1755073061.0,1755103043.0,8.328,4.12,53.856452,8.722273,54.162992,7.90147,34.313
257058910,1755079174.0,1755097786.0,5.17,1.12,58.184233,8.370715,58.240187,8.520695,5.813
211502930,1755079089.0,1755160399.0,22.586,1.02,53.587827,8.51755,53.203442,8.508513,23.081
211502930,1755179462.0,1755207638.0,7.827,3.24,53.461422,8.491675,53.079438,8.795078,25.39
538011058,1755134956.0,1755160855.0,7.194,12.92,53.778987,4.35637,55.153258,5.580915,92.916
257787000,1755101110.0,1755116861.0,4.375,1.77,58.843245,2.243773,58.970262,2.283192,7.723
257094000,1755158158.0,1755184225.0,7.241,3.71,57.909415,17.4668,57.46553,17.368472,26.837
538010289,1755149207.0,1755181427.0,8.95,14.74,58.386753,4.82388,56.278313,5.969617,131.92
210172000,1755087163.0,1755118512.0,8.708,1.19,53.676352,14.515373,53.516117,14.62589,10.395
219281000,1755050585.0,1755171767.0,33.662,5.1,52.581835,3.624195,55.052943,6.059325,171.623
245281000,1755096204.0,1755124865.0,7.961,9.54,57.522865,6.723278,57.32127,4.403517,75.961
231789000,1755050234.0,1755093272.0,11.955,1.25,58.923852,10.596183,59.080622,10.972208,14.959
226341000,1755076370.0,1755125616.0,13.679,2.59,53.335735,7.200163,53.671185,6.385612,35.38
211395930,1755087030.0,1755101611.0,4.05,6.61,54.14681,8.099425,54.126552,8.85934,26.757
477085600,1755091237.0,1755132767.0,11.536,5.68,55.619515,18.74128,55.41156,20.635208,65.579
261000620,1755172028.0,1755192890.0,5.795,6.65,56.44305,7.637517,55.90045,7.02105,38.547
246338000,1755078650.0,1755114809.0,10.044,1.44,54.030077,8.152687,54.255035,8.301997,14.491
219805000,1755043211.0,1755058891.0,4.356,10.73,55.101633,3.430805,54.327598,3.283393,46.754
257308000,1755053222.0,1755100183.0,13.045,12.38,57.894435,7.107308,58.976808,2.401138,161.509
257308000,1755102401.0,1755128881.0,7.356,11.97,59.018925,2.173428,59.546647,-0.504285,88.015
245235000,1755087596.0,1755126314.0,10.755,2.16,53.839355,7.712427,53.760098,7.069652,23.284
244750355,1755048224.0,1755071834.0,6.558,2.85,52.85768,5.679405,53.132825,5.921017,18.685
219003406,1755092385.0,1755112216.0,5.509,7.08,53.719033,7.14465,54.282287,7.695712,39.011
636018304,1755195230.0,1755211201.0,4.436,14.62,53.851623,5.97431,54.49693,4.494357,64.853
211208390,1755080821.0,1755100800.0,5.55,5.2,54.1745,7.893803,54.126617,8.709752,28.835
218098000,1755080744.0,1755109903.0,8.1,2.1,53.68191,9.502182,53.532117,9.908588,17.044
211789900,1755081819.0,1755097649.0,4.397,5.07,54.178418,7.890365,54.482982,8.254657,22.294
211626290,1755166093.0,1755196843.0,8.542,1.58,53.31674,8.48667,53.142088,8.251727,13.463
219560000,1755169204.0,1755213020.0,12.171,1.97,56.071482,18.496098,56.226962,19.157585,24.012
235108492,1755064284.0,1755140422.0,21.149,1.57,53.444335,6.828022,53.92051,6.355762,33.157
211588480,1755179023.0,1755203973.0,6.931,1.85,53.993217,8.422923,53.862487,8.708975,12.801
219689000,1755103457.0,1755127447.0,6.664,8.62,56.58359,7.747173,56.001898,6.37945,57.414
219689000,1755144013.0,1755185569.0,11.543,3.75,55.701682,5.66229,55.008245,6.010017,43.293
232046093,1755073399.0,1755122838.0,13.733,2.56,53.856942,8.721457,54.178402,7.89025,35.103
211436040,1755070215.0,1755113983.0,12.158,2.51,53.531598,9.912685,53.867163,9.268293,30.505
212491000,1755160312.0,1755185562.0,7.014,3.77,57.230163,16.664182,57.540672,17.244167,26.454
255807000,1755069879.0,1755135943.0,18.351,1.54,53.480782,14.613722,53.899798,14.253547,28.229
209710000,1755055024.0,1755073288.0,5.073,10.74,55.072677,-0.644043,54.282205,0.12751,54.496
244615460,1755072793.0,1755134154.0,17.045,1.95,53.200958,6.071055,53.303435,6.979498,33.208
257302000,1755085444.0,1755104567.0,5.312,5.42,54.061315,0.155432,53.62791,-0.191248,28.774
477274400,1755146223.0,1755161893.0,4.353,11.43,53.88345,5.232055,54.139962,6.57277,49.745
265778450,1755134439.0,1755155422.0,5.829,1.77,57.479732,11.755622,57.643615,11.854028,10.337
257956000,1755129827.0,1755162035.0,8.947,11.72,53.172762,3.510408,54.829228,4.4493,104.827
352002322,1755141697.0,1755179176.0,10.411,12.2,58.240703,20.481077,56.35492,18.709355,126.964
246371000,1755149489.0,1755180227.0,8.538,10.93,58.304615,20.402875,57.05527,18.674842,93.287
261000205,1755160816.0,1755180255.0,5.4,11.83,56.997217,18.933083,56.4129,17.31325,63.881
219008000,1755072232.0,1755107784.0,9.876,12.27,56.73347,17.333303,58.56285,18.923195,121.126
211284350,1755145904.0,1755195704.0,13.833,1.84,57.097955,16.558138,57.413355,17.08395,25.499
636014956,1755156192.0,1755172012.0,4.394,7.82,53.92681,6.984018,53.770807,6.050402,34.368
304219000,1755087784.0,1755125018.0,10.343,1.6,53.794093,8.0203,53.529973,8.151232,16.528
219330000,1755148304.0,1755175305.0,7.5,6.01,55.736482,6.011817,54.994812,6.215867,45.071
211301380,1755082339.0,1755109249.0,7.475,1.71,53.981683,8.405307,53.867588,8.710705,12.787
211807040,1755103194.0,1755118241.0,4.18,5.03,54.119758,8.85924,54.025107,8.284248,21.039
219590000,1755076259.0,1755131872.0,15.448,3.41,53.335587,7.20231,54.036468,6.312395,52.649
218001460,1755089798.0,1755126993.0,10.332,2.82,53.998383,8.03725,53.516733,8.145423,29.172
413149000,1755076892.0,1755095962.0,5.297,4.82,53.533167,9.951667,53.7925,9.383,25.529
259538000,1755080217.0,1755107301.0,7.523,10.94,53.64296,9.524252,54.330563,7.50661,82.322
219015298,1755052238.0,1755071347.0,5.308,3.49,52.461362,3.173823,52.294137,3.598208,18.513
636018735,1755091990.0,1755110643.0,5.181,7.41,53.87152,9.077525,53.50401,9.960542,38.374
219025992,1755094645.0,1755116658.0,6.115,2.42,54.385897,7.677545,54.17553,7.896755,14.784
246594000,1755070013.0,1755129520.0,16.53,2.55,53.185947,5.427927,53.70372,6.224122,42.155
247363700,1755111402.0,1755126984.0,4.328,1.44,53.715223,5.823165,53.625668,5.91145,6.227
266156000,1755046029.0,1755083669.0,10.456,1.21,58.453148,11.296345,58.62056,11.050407,12.666
220284000,1755052629.0,1755073567.0,5.816,17.27,51.93204,1.428767,51.965532,4.142697,100.448
220284000,1755073567.0,1755103157.0,8.219,4.9,51.965532,4.142697,52.056453,3.063885,40.24
304944000,1755062175.0,1755078602.0,4.563,7.59,53.398183,0.510617,53.742817,-0.268217,34.63
244870609,1755077873.0,1755141873.0,17.778,1.04,53.919695,9.192338,53.66733,9.490455,18.476
636022088,1755058734.0,1755074328.0,4.332,15.16,55.258125,-0.720145,54.413255,0.486325,65.676
270262000,1755175223.0,1755202662.0,7.622,3.56,53.220627,8.489252,52.981202,9.126488,27.099
211494020,1755064501.0,1755152352.0,24.403,1.03,53.52097,9.899023,53.292225,10.488258,25.167
246479000,1755154416.0,1755182112.0,7.693,2.15,53.572527,14.5603,53.812412,14.333038,16.514
636022074,1755149705.0,1755176735.0,7.508,9.99,55.838702,5.938913,56.889752,7.156417,74.976
211507420,1755078727.0,1755158166.0,22.066,2.04,53.680438,7.486222,53.856542,8.722432,45.125
235087256,1755085225.0,1755099704.0,4.022,2.56,53.634607,-0.17466,53.54711,0.074182,10.307
255805835,1755087126.0,1755128877.0,11.598,8.99,52.845805,4.242577,53.793485,6.677117,104.209
314516000,1755117175.0,1755177365.0,16.719,9.86,52.757273,3.20471,55.1604,5.460668,164.81
273389870,1755125395.0,1755174545.0,13.653,10.57,53.157813,3.518485,55.072592,6.000287,144.36
257254000,1755090795.0,1755114939.0,6.707,1.65,57.758038,6.222982,57.687353,6.541712,11.066
246670000,1755161055.0,1755182556.0,5.973,10.06,57.042,7.087467,56.112683,6.412117,60.1
261000160,1755155076.0,1755210318.0,15.345,1.5,55.163207,20.492577,54.88212,20.040308,22.959
244181000,1755117019.0,1755134240.0,4.784,7.25,53.339437,4.671892,53.420568,5.630323,34.669
304962000,1755150811.0,1755173462.0,6.292,7.95,57.016895,6.6008,56.192013,6.818815,50.048
219031111,1755155421.0,1755179820.0,6.777,10.14,58.724717,19.243685,57.789497,17.989598,68.716
305919000,1755151919.0,1755176620.0,6.861,8.96,57.868012,5.278093,57.716823,7.179275,61.511
244476000,1755081145.0,1755107769.0,7.396,3.71,53.872428,8.713715,53.971917,7.956042,27.447
211599000,1755093801.0,1755118821.0,6.95,7.08,53.6161,6.885367,53.964683,8.142,49.239
655896000,1755086923.0,1755102951.0,4.452,12.76,56.439017,18.970545,57.271528,19.793573,56.818
211282710,1755180240.0,1755195673.0,4.287,3.31,53.292902,8.49006,53.108497,8.73609,14.173
232046797,1755050254.0,1755118285.0,18.898,6.93,56.781657,1.849843,57.14587,-2.093255,130.886
256212000,1755074353.0,1755089482.0,4.202,7.93,56.395253,17.580163,56.741118,18.368075,33.324
245057000,1755050941.0,1755071671.0,5.758,1.41,58.0872,12.142058,58.222173,12.16815,8.146
305773000,1755131940.0,1755207491.0,20.986,1.21,59.254667,10.62341,58.835608,10.712695,25.311
246954000,1755088624.0,1755107915.0,5.359,4.11,53.869142,8.712537,54.0257,8.148277,22.043
211302790,1755092826.0,1755107794.0,4.158,3.49,54.123258,9.32871,53.902672,9.16005,14.519
352003734,1755162605.0,1755181653.0,5.291,12.45,57.047943,6.875832,56.04061,6.087478,65.869
211413470,1755090036.0,1755107617.0,4.884,1.08,54.271092,8.451247,54.198278,8.534762,5.263
255915684,1755093412.0,1755115462.0,6.125,5.05,53.890197,7.815875,53.590012,8.524413,30.95
230613000,1755081031.0,1755108625.0,7.665,2.78,53.961023,8.586572,53.887502,9.176352,21.314
211187040,1755053213.0,1755111853.0,16.289,2.14,53.543152,9.96815,53.8879,9.180408,34.812
255915570,1755091270.0,1755120551.0,8.134,3.33,53.456302,6.824343,53.746402,6.241865,27.093
258199000,1755169692.0,1755189228.0,5.427,4.07,57.953835,7.521638,58.050942,6.851208,22.112
256802000,1755081055.0,1755134494.0,14.844,1.34,53.690917,9.497433,53.501717,9.956233,19.907
256802000,1755184918.0,1755211168.0,7.292,11.18,54.156763,5.847232,54.59087,3.6393,81.494
211494630,1755076058.0,1755152817.0,21.322,1.6,53.570973,9.646023,53.302978,10.489858,34.202
246225000,1755149103.0,1755178000.0,8.027,1.01,54.471138,6.452282,54.378875,6.620667,8.08
236752000,1755093595.0,1755137070.0,12.076,1.29,53.822042,6.737048,53.56267,6.75186,15.582
236752000,1755150373.0,1755171253.0,5.8,5.45,53.560533,6.751005,54.051393,7.072208,31.595
255915571,1755053930.0,1755071031.0,4.75,2.91,52.373683,4.218183,52.460217,4.5683,13.834
211139470,1755151533.0,1755167734.0,4.5,4.57,55.55,12.688333,55.226667,12.488333,20.576
244880000,1755146601.0,1755167747.0,5.874,5.21,56.292538,5.8304,55.94624,5.159023,30.614
244670014,1755052006.0,1755072867.0,5.795,1.8,52.94033,5.032467,52.77274,5.111105,10.458
211372620,1755061971.0,1755111290.0,13.7,1.01,53.538158,9.869362,53.640457,9.520293,13.874
231023000,1755054761.0,1755095646.0,11.357,2.76,57.868335,17.80738,57.387765,18.185703,31.312
370567000,1755090545.0,1755116574.0,7.23,4.65,53.88225,7.75786,53.577077,8.550388,33.588
245795000,1755077017.0,1755130436.0,14.839,1.38,54.36318,8.334087,54.023957,8.265218,20.51
245795000,1755165396.0,1755196876.0,8.744,2.38,54.12529,8.859645,54.036948,8.287172,20.85
220003000,1755122469.0,1755181409.0,16.372,7.07,54.290028,2.64604,55.061558,5.700975,115.716
266445000,1755063698.0,1755113501.0,13.834,2.89,57.760333,18.225758,58.425507,18.131388,40.049
232030193,1755069976.0,1755146247.0,21.186,1.05,55.001132,17.626833,54.874058,18.231788,22.217
620999607,1755076426.0,1755126411.0,13.885,7.52,52.694358,4.040407,53.729552,6.375742,104.46
257465000,1755074590.0,1755089847.0,4.238,1.02,59.017223,10.36617,59.00814,10.505018,4.327
246754000,1755088146.0,1755126647.0,10.695,8.94,52.9558,4.308195,54.402002,5.436152,95.645
246754000,1755150077.0,1755177806.0,7.702,9.18,55.282193,6.304003,56.300718,7.355177,70.699
235000164,1755077987.0,1755108947.0,8.6,1.37,54.19372,0.029512,54.052465,-0.202225,11.765
209992000,1755088846.0,1755119726.0,8.578,11.32,55.18816,18.926528,56.800195,19.159425,97.103
209992000,1755120886.0,1755154826.0,9.428,8.91,56.860538,19.178755,58.227903,18.619983,84.047
209992000,1755161516.0,1755197103.0,9.885,1.66,58.423033,18.144997,58.62125,17.782537,16.455
538011722,1755085360.0,1755199864.0,31.807,4.16,52.18769,3.584738,54.271237,4.780777,132.272
212838000,1755112342.0,1755132973.0,5.731,10.68,57.942043,18.545055,58.450697,20.220595,61.182
636017036,1755108575.0,1755131648.0,6.409,9.5,55.72264,21.099475,56.490257,19.91192,60.868
461000256,1755141882.0,1755173988.0,8.918,11.48,57.306808,19.689975,56.000913,17.693943,102.399
205492290,1755179475.0,1755198035.0,5.156,1.93,53.600105,8.510218,53.435075,8.490483,9.933
219164000,1755051255.0,1755104059.0,14.668,1.42,57.961363,6.875917,58.170423,6.354407,20.781
244381000,1755147778.0,1755193378.0,12.667,2.21,56.342755,5.747868,56.631602,6.413067,28.054
244381000,1755194247.0,1755214569.0,5.645,4.3,56.62185,6.455073,56.907835,6.97598,24.262
211839040,1755090037.0,1755105079.0,4.178,8.9,53.516388,4.903723,53.052033,4.218992,37.167
245442000,1755078116.0,1755116664.0,10.708,1.83,53.856007,8.72155,53.98731,8.215078,19.566
219035215,1755113422.0,1755135052.0,6.008,6.27,54.062198,6.545785,53.45678,6.827427,37.699
210765000,1755156988.0,1755176058.0,5.297,11.55,56.30717,6.872732,55.393168,6.069573,61.189
246639000,1755048996.0,1755197858.0,41.351,1.13,58.50843,13.164547,57.962165,12.119133,46.556
210524000,1755090186.0,1755107837.0,4.903,8.49,53.964405,7.975727,53.892018,9.147318,41.645
636020532,1755080866.0,1755099620.0,5.209,3.92,53.846735,8.953832,54.105733,9.329528,20.44
211316470,1755077624.0,1755123833.0,12.836,1.22,53.584067,8.528717,53.324717,8.486683,15.644
211316470,1755175024.0,1755205014.0,8.331,1.03,53.324683,8.48665,53.186217,8.544483,8.569
253000039,1755150474.0,1755196894.0,12.894,2.65,53.33604,7.194905,53.644967,6.389633,34.227
244700385,1755050511.0,1755070161.0,5.458,1.36,52.85671,5.678813,52.754,5.565418,7.414
250013654,1755146976.0,1755171668.0,6.859,1.71,53.631115,6.203152,53.61289,6.530625,11.713
255893000,1755090098.0,1755118619.0,7.923,6.81,53.869493,7.866107,53.129142,8.722585,53.958
211585990,1755086235.0,1755107822.0,5.996,5.34,54.172498,7.910463,54.125328,8.818322,32.05
219019934,1755097154.0,1755123806.0,7.403,1.74,54.352723,7.68788,54.175517,7.896555,12.913
566579000,1755045276.0,1755103339.0,16.129,1.36,52.035603,3.857832,51.83404,3.364632,21.904
245775000,1755079324.0,1755123221.0,12.194,1.21,54.078283,8.29863,53.913993,7.988185,14.743
211691020,1755070138.0,1755122095.0,14.432,2.38,53.911473,9.17226,53.52614,9.88959,34.42
261006322,1755074906.0,1755121566.0,12.961,5.47,53.3355,7.203318,54.286357,6.020165,70.84
219025574,1755077178.0,1755118130.0,11.376,4.55,53.860568,8.714428,54.347777,7.500987,51.771
219025574,1755148041.0,1755183990.0,9.986,1.94,54.621187,6.522583,54.741798,6.004865,19.374
255805906,1755168347.0,1755201156.0,9.114,1.41,53.589803,9.605432,53.506555,9.938643,12.895
211267710,1755090139.0,1755187723.0,27.107,1.65,54.04152,6.660862,54.156447,7.915228,44.698
219026119,1755141140.0,1755194010.0,14.686,2.12,56.910007,6.261212,56.828415,7.196022,31.064
211202770,1755071093.0,1755166915.0,26.617,1.09,53.887903,9.180338,53.55911,9.78128,29.077
211202770,1755168013.0,1755203814.0,9.945,2.65,53.568057,9.687285,53.887905,9.180137,26.331
310362000,1755063679.0,1755100613.0,10.259,2.99,54.394673,-0.292763,54.66012,-1.043328,30.625
265069550,1755056689.0,1755103912.0,13.117,3.81,57.386945,18.183155,57.090722,16.744605,50.007
244780387,1755068153.0,1755119183.0,14.175,2.03,53.672645,9.50848,53.847533,8.752592,28.811
236342000,1755073027.0,1755192974.0,33.319,3.71,52.467857,4.509692,54.451972,5.441752,123.696
219009000,1755092994.0,1755107443.0,4.014,6.16,54.067757,1.505065,53.658185,1.429567,24.736
244140000,1755153375.0,1755202998.0,13.784,1.49,59.130853,9.625028,58.79166,9.539333,20.537
255805893,1755093212.0,1755111880.0,5.186,12.2,51.768155,2.550108,52.742875,3.20328,63.254
255805893,1755134249.0,1755167930.0,9.356,11.14,53.730823,4.273617,55.239573,5.751205,104.214
246535000,1755145390.0,1755170290.0,6.917,10.5,55.042747,5.989527,56.080238,7.090068,72.638
636019972,1755148685.0,1755176354.0,7.686,10.51,57.359295,5.194738,56.033247,5.61406,80.807
246176000,1755143165.0,1755191586.0,13.45,1.23,53.828755,7.655982,53.943538,8.079528,16.497
211467050,1755159278.0,1755174398.0,4.2,1.89,53.017108,8.88943,53.118882,8.748592,7.947
230618000,1755186752.0,1755201289.0,4.038,18.33,58.52912,20.962143,57.470582,19.768755,74.031
244740420,1755149993.0,1755177494.0,7.639,1.51,53.823757,6.229822,53.99845,6.095837,11.509
219028116,1755088202.0,1755119238.0,8.621,4.7,55.598082,19.431328,55.690338,20.615132,40.491
305265000,1755089573.0,1755128360.0,10.774,1.16,53.807748,7.9662,53.62148,8.125582,12.536
244615694,1755144995.0,1755194175.0,13.661,1.79,53.702908,7.164365,53.30197,7.036893,24.499
304021000,1755108254.0,1755129453.0,5.889,9.57,54.1544,5.791533,54.02315,4.20765,56.33
636021796,1755086324.0,1755108292.0,6.102,11.85,55.919798,17.658093,56.742013,19.245647,72.312
255806462,1755077763.0,1755143726.0,18.323,2.18,53.35407,7.209928,53.642203,6.201315,39.961
205263000,1755151556.0,1755178585.0,7.508,7.58,55.049305,6.464842,54.10402,6.342285,56.915
636021310,1755057639.0,1755139777.0,22.816,4.74,55.285708,17.33644,54.698822,20.308338,108.25
245709000,1755074959.0,1755114883.0,11.09,2.42,53.119318,8.705208,53.556977,8.559632,26.79
245709000,1755179153.0,1755194452.0,4.25,1.0,53.292572,8.489843,53.221635,8.489818,4.259
246832000,1755089897.0,1755112108.0,6.17,6.77,53.703253,7.528468,53.94784,8.631993,41.773
211586000,1755146754.0,1755194285.0,13.203,1.88,53.519945,6.677993,53.316483,7.281468,24.81
564575000,1755070144.0,1755098649.0,7.918,3.05,53.526428,9.923202,53.77696,9.392518,24.143
246367000,1755090863.0,1755114852.0,6.664,6.01,53.889802,7.630385,53.458962,8.490928,40.073
309175000,1755177876.0,1755192486.0,4.058,5.13,54.152077,9.369932,53.8653,9.038923,20.805
211215180,1755179112.0,1755204701.0,7.108,1.09,54.009945,11.344723,53.89905,11.455943,7.731
211310410,1755180496.0,1755195715.0,4.228,1.93,54.104333,8.632397,54.127007,8.861122,8.164
314292000,1755113111.0,1755131822.0,5.197,13.09,56.691333,6.319857,57.776553,5.719983,68.01
244062000,1755098126.0,1755114944.0,4.672,6.85,53.708703,5.740575,53.527593,4.894858,32.022
257084120,1755059724.0,1755108398.0,13.521,1.46,53.65136,9.512117,53.881,9.115355,19.707
236283000,1755054652.0,1755069292.0,4.067,12.21,57.831867,17.752083,57.0319,17.363383,49.646
211515990,1755067097.0,1755153327.0,23.953,2.0,53.529013,10.05829,54.292423,9.671763,47.83
219031310,1755105945.0,1755133441.0,7.638,2.19,54.871818,18.495962,55.063027,18.14339,16.717
245215000,1755057481.0,1755077872.0,5.664,7.89,53.606968,0.530883,54.306503,0.09952,44.679
261186487,1755109401.0,1755154693.0,12.581,2.44,53.886887,14.261522,53.413077,14.589843,30.754
261186487,1755163570.0,1755189960.0,7.331,1.31,53.761718,14.401565,53.895243,14.251053,9.629
305957000,1755067802.0,1755086323.0,5.145,10.04,57.18121,17.2894,56.338428,16.974375,51.652
215389000,1755089117.0,1755122487.0,9.269,10.16,52.859442,4.254718,53.754707,6.409782,94.157
219032859,1755167240.0,1755210163.0,11.923,1.34,55.085875,17.787393,54.857407,17.547402,16.018
305211000,1755124773.0,1755171734.0,13.045,11.18,53.868805,2.51052,54.133405,6.617778,145.792
211333700,1755087146.0,1755122687.0,9.873,8.95,52.89046,4.292887,53.720372,6.327563,88.378
305810000,1755147125.0,1755169496.0,6.214,9.74,55.071047,6.797595,54.15594,7.528238,60.531
305810000,1755179545.0,1755193945.0,4.0,7.66,53.99151,8.297243,53.892232,9.147433,30.631
229202000,1755110842.0,1755126845.0,4.445,12.99,53.286085,4.638765,53.692757,6.103497,57.739
219029785,1755170996.0,1755191594.0,5.722,13.02,55.109173,17.77072,54.884987,19.898587,74.507
273294280,1755125965.0,1755144874.0,5.253,2.65,55.231067,20.729625,55.160855,20.343232,13.896
211162470,1755118367.0,1755167620.0,13.681,1.23,53.29689,10.488543,53.446117,10.090848,16.829
636018830,1755171266.0,1755188856.0,4.886,11.23,56.586035,18.952835,55.994827,17.697292,54.865
375378000,1755163045.0,1755191715.0,7.964,3.85,59.072897,9.63347,58.623705,10.100727,30.626
211815690,1755148453.0,1755175976.0,7.645,4.23,54.5325,6.01985,55.069867,5.959867,32.33
219927000,1755116310.0,1755178608.0,17.305,5.94,55.761438,20.76409,55.9716,17.737133,102.748
229678000,1755067366.0,1755108420.0,11.404,2.31,53.530687,9.960242,53.800808,9.377198,26.329
210350000,1755075176.0,1755116392.0,11.449,2.3,53.558447,8.562487,53.85236,8.013518,26.307
211798970,1755168532.0,1755198705.0,8.381,1.32,54.515757,10.252855,54.339747,10.157238,11.083
257182000,1755145423.0,1755187582.0,11.711,1.68,58.928342,10.616078,58.599937,10.594535,19.729
636022935,1755081285.0,1755107296.0,7.225,6.02,53.577258,8.550678,53.977412,7.529287,43.479
219000618,1755097025.0,1755123116.0,7.247,1.97,56.645398,7.677293,56.536188,7.293018,14.296
305170000,1755111385.0,1755146596.0,9.781,3.42,57.957033,12.106945,58.476553,12.490167,33.464
311513000,1755145811.0,1755210931.0,18.089,4.78,54.549575,18.816398,55.982442,19.072847,86.476
235006480,1755148771.0,1755180265.0,8.748,2.11,53.688217,6.418812,53.962623,6.182495,18.482
246683000,1755091419.0,1755135738.0,12.311,1.04,53.603867,6.577237,53.445975,6.820473,12.855
266137000,1755046576.0,1755066255.0,5.466,1.19,58.61135,10.5527,58.513333,10.639698,6.485
232018395,1755109437.0,1755124763.0,4.257,9.91,53.921347,6.379823,53.325123,7.0079,42.21
244710796,1755049931.0,1755069925.0,5.554,3.34,52.858502,5.679797,53.12693,5.935193,18.572
209916000,1755155193.0,1755182516.0,7.59,1.55,58.347978,11.900477,58.153737,11.848062,11.779
205333000,1755148258.0,1755184975.0,10.199,1.12,54.545332,6.271408,54.414515,6.032223,11.459
370254000,1755093151.0,1755113189.0,5.566,8.22,54.059915,7.54185,53.57563,8.537837,45.735
209313000,1755074748.0,1755109611.0,9.684,3.96,53.33124,8.488347,53.868288,7.904077,38.38
218001450,1755095801.0,1755134498.0,10.749,1.08,53.794873,7.008277,53.62483,7.160805,11.559
219384000,1755125452.0,1755177386.0,14.426,1.91,54.27678,6.578705,53.88674,6.993825,27.608
211200300,1755093607.0,1755124242.0,8.51,3.7,53.828857,7.392988,53.583987,8.17692,31.501
245983000,1755087190.0,1755124844.0,10.459,3.61,53.859967,7.901142,53.338397,8.493313,37.76
265762710,1755096819.0,1755125169.0,7.875,1.02,58.386542,10.996042,58.358632,11.245397,8.028
211357210,1755163049.0,1755184891.0,6.067,1.12,53.898957,11.457433,53.97933,11.321068,6.82
211357210,1755185434.0,1755202447.0,4.726,1.55,53.978585,11.300133,53.898967,11.457465,7.333
311000410,1755044305.0,1755122608.0,21.751,3.39,57.779863,7.655957,56.679023,6.653207,73.69
232020872,1755086702.0,1755120392.0,9.358,1.81,54.434503,7.708015,54.174662,7.894347,16.912
219017205,1755047126.0,1755072789.0,7.129,1.59,52.459912,4.559872,52.625172,4.410688,11.319
211286500,1755082755.0,1755128370.0,12.671,1.68,54.047943,8.208297,53.858648,8.718273,21.303
211632450,1755080210.0,1755146592.0,18.439,1.24,54.196667,9.543333,53.895,9.146667,22.882
220189000,1755148846.0,1755168221.0,5.382,1.37,56.016108,11.368998,56.134347,11.42745,7.364
232031183,1755084466.0,1755104996.0,5.703,2.42,54.576877,3.225697,54.451608,2.894157,13.787
211325510,1755153730.0,1755171510.0,4.939,7.67,55.572795,5.920657,54.964023,6.213438,37.898
273257140,1755153859.0,1755190091.0,10.064,13.92,58.28144,21.092143,56.1722,19.248153,140.092
538011062,1755150864.0,1755195244.0,12.328,15.12,58.23148,20.54688,55.164355,19.666803,186.419
374821000,1755076523.0,1755120731.0,12.28,11.69,55.91744,17.668702,57.440288,21.026408,143.583
209239000,1755050523.0,1755070893.0,5.658,9.99,54.909687,3.79861,54.501985,2.328938,56.553
209239000,1755085603.0,1755101234.0,4.342,8.14,54.103003,1.539905,53.782347,0.701362,35.338
304932000,1755080713.0,1755105232.0,6.811,9.38,53.901913,9.159357,53.973267,7.355935,63.882
219023785,1755148258.0,1755183020.0,9.656,1.52,54.356903,6.251508,54.117067,6.327208,14.643
244130689,1755086857.0,1755101587.0,4.092,17.53,56.073707,18.147782,57.135055,19.145343,71.744
229350000,1755123195.0,1755141604.0,5.114,12.36,57.67091,20.099143,58.577158,21.112472,63.188
374092000,1755053629.0,1755070015.0,4.552,11.13,55.313152,16.769375,55.172405,18.228047,50.638
374092000,1755079976.0,1755137785.0,16.058,2.24,54.819177,18.878387,54.601737,19.84662,36.032
244063000,1755082496.0,1755127622.0,12.535,2.71,53.901617,7.82848,53.504435,8.510422,34.002
218176000,1755180265.0,1755201194.0,5.814,5.18,53.823277,9.358743,53.484318,9.98346,30.138
244700485,1755043483.0,1755194910.0,42.063,1.15,53.107808,8.751757,53.204482,7.412808,48.553
211187480,1755084259.0,1755112700.0,7.9,1.06,54.353333,9.893333,54.306667,9.668333,8.361
211187480,1755167594.0,1755206114.0,10.7,1.83,54.171667,9.438333,53.895,9.146667,19.537
241734000,1755058103.0,1755090096.0,8.887,12.18,55.938225,17.738463,57.321007,19.842037,108.244
211850640,1755043612.0,1755072412.0,8.0,1.34,54.77,11.86,54.916667,11.683333,10.717
211850640,1755140812.0,1755193012.0,14.5,1.24,55.086667,11.145,55.308333,10.79,18.031
211178860,1755162834.0,1755182494.0,5.461,1.52,54.175517,12.119767,54.208633,11.89105,8.277
255806451,1755085689.0,1755110650.0,6.934,5.51,53.863367,9.04603,53.507747,9.937112,38.207
211208450,1755084396.0,1755114537.0,8.373,4.02,54.173723,7.892367,53.875713,8.700563,33.655
277466000,1755137148.0,1755212008.0,20.794,1.29,55.89044,19.23944,55.889287,18.444183,26.776
218858000,1755070142.0,1755109374.0,10.898,1.47,53.533275,9.953672,53.632153,9.534713,16.07
311000787,1755056067.0,1755112356.0,15.636,1.79,57.581562,17.836805,58.046332,17.870193,27.925
311000787,1755156827.0,1755211515.0,15.191,6.01,54.709887,18.919695,56.177917,18.227322,91.239
248897000,1755052199.0,1755093585.0,11.496,3.4,53.510443,9.953545,53.861077,9.02732,39.087
311044600,1755088801.0,1755104052.0,4.236,1.39,53.239128,3.849753,53.172267,3.970047,5.902
261037550,1755070728.0,1755095838.0,6.975,3.88,53.485425,14.617103,53.88486,14.266078,27.036
246869000,1755089240.0,1755104890.0,4.347,5.97,52.695378,2.246688,52.430748,2.808658,25.945
211471070,1755067993.0,1755126414.0,16.228,1.21,53.487175,10.0518,53.287723,10.488292,19.69
266082000,1755074535.0,1755089464.0,4.147,2.15,58.601217,10.735905,58.74767,10.78013,8.901
230631000,1755066026.0,1755080979.0,4.154,18.47,57.005228,19.81424,55.827187,18.919403,76.718
230631000,1755093260.0,1755144164.0,14.14,3.26,54.775757,18.971848,54.695052,20.29506,46.123
209144000,1755080997.0,1755155375.0,20.661,3.61,54.121783,8.068283,53.542017,9.928067,74.524
246110000,1755087038.0,1755161573.0,20.704,12.59,53.242333,4.561833,57.040833,8.240333,260.58
235001210,1755093698.0,1755118476.0,6.883,2.71,54.532308,-0.739417,54.690993,-1.200772,18.657
538006787,1755135272.0,1755171081.0,9.947,7.75,53.8771,4.536167,54.134677,6.67605,77.072
219340000,1755091000.0,1755123261.0,8.961,10.55,55.13171,5.953868,56.282325,7.861703,94.533
257083180,1755091741.0,1755149427.0,16.024,1.73,59.021415,10.443305,59.122973,9.565818,27.756
352001187,1755136278.0,1755153498.0,4.783,10.45,58.15577,3.3094,57.978197,4.84765,49.999
352001187,1755156608.0,1755177758.0,5.875,10.21,57.947493,5.109682,57.703722,6.929198,59.983
636015104,1755145415.0,1755170914.0,7.083,12.35,54.916142,5.64213,56.262,6.632082,87.507
